CHR,F,SNP,BP,P,TOTAL,NSIG,S05,S01,S001,S0001,SP2,rsid,probe_position_hg19,probe_chr_hg38,probe_bp_hg38,probe_bp2_hg38,probe_position_hg38,Promoters,probe_gene,TAD_TYPE_50kb,Probe_Gene_Type
16,1,16:74700743:C:G,74700743,2.1e-88,124,0,0,0,0,124,"16:74469121:T:G(1),16:74480694:A:T(1),16:74486189:T:C(1),16:74500745:A:C(1),16:74507486:T:C(1),16:74528368:A:G(1),16:74528463:T:G(1),16:74528466:A:G(1),16:74536827:A:G(1),16:74536863:G:C(1),16:74537591:T:C(1),16:74539904:A:G(1),16:74540097:A:C(1),16:74551756:T:G(1),16:74551880:T:C(1),16:74567719:T:G(1),16:74570050:A:G(1),16:74571437:T:C(1),16:74571448:T:C(1),16:74575756:A:T(1),16:74578017:C:G(1),16:74578317:T:A(1),16:74578466:A:G(1),16:74580461:A:G(1),16:74580510:T:C(1),16:74580661:A:G(1),16:74580924:T:C(1),16:74582054:A:G(1),16:74582597:A:C(1),16:74582988:A:C(1),16:74583146:T:C(1),16:74584697:C:A(1),16:74590047:C:T(1),16:74590578:A:T(1),16:74590603:G:A(1),16:74595502:A:C(1),16:74611675:C:T(1),16:74612030:C:G(1),16:74615190:G:A(1),16:74618643:T:A(1),16:74621129:A:G(1),16:74622586:A:G(1),16:74624357:C:A(1),16:74624474:G:A(1),16:74625575:T:C(1),16:74626340:C:A(1),16:74627303:T:C(1),16:74627628:C:T(1),16:74628630:T:G(1),16:74629304:A:G(1),16:74629909:T:C(1),16:74630183:C:T(1),16:74631261:A:T(1),16:74631873:C:T(1),16:74632545:T:C(1),16:74633538:G:A(1),16:74634198:T:G(1),16:74635295:T:C(1),16:74635632:G:A(1),16:74637438:T:G(1),16:74637821:G:A(1),16:74642539:T:C(1),16:74645233:T:C(1),16:74648267:G:C(1),16:74649232:A:C(1),16:74649589:G:C(1),16:74649810:G:A(1),16:74649992:T:G(1),16:74652537:T:C(1),16:74657421:C:T(1),16:74657485:T:A(1),16:74658430:A:T(1),16:74658719:T:A(1),16:74658723:C:A(1),16:74658867:A:G(1),16:74660174:G:A(1),16:74661159:T:C(1),16:74664743:T:C(1),16:74664810:T:A(1),16:74664969:A:T(1),16:74666634:C:G(1),16:74667864:T:C(1),16:74668473:A:G(1),16:74668542:T:C(1),16:74668902:C:G(1),16:74669034:C:T(1),16:74670458:T:C(1),16:74672900:A:C(1),16:74672901:A:T(1),16:74674234:G:C(1),16:74675283:C:A(1),16:74676033:T:A(1),16:74676964:T:C(1),16:74680105:T:C(1),16:74681632:G:T(1),16:74682496:T:C(1),16:74683737:C:T(1),16:74686166:A:G(1),16:74686690:A:G(1),16:74687804:T:C(1),16:74687906:G:A(1),16:74688948:G:T(1),16:74691264:C:T(1),16:74692426:T:C(1),16:74693973:G:C(1),16:74694058:G:T(1),16:74694692:T:C(1),16:74696959:T:C(1),16:74697421:T:C(1),16:74698263:C:G(1),16:74698576:G:A(1),16:74698716:C:A(1),16:74699293:C:T(1),16:74700628:A:G(1),16:74701360:C:T(1),16:74703388:T:C(1),16:74704235:C:A(1),16:74706298:T:A(1),16:74706736:C:A(1),16:74707037:G:A(1),16:74709737:C:A(1),16:74709940:T:C(1),16:74710254:C:T(1),16:74716026:G:A(1)",rs4887783,chr16:74700730,chr16,74666832,74666833,chr16:74666832,True,RFWD3,Boundary-Active,TSG
10,1,10:88486374:A:G,88486374,2.99e-79,97,0,0,0,0,97,"10:88456113:C:T(1),10:88456724:T:C(1),10:88458359:G:A(1),10:88458371:C:T(1),10:88459826:G:A(1),10:88460084:G:A(1),10:88460785:C:T(1),10:88464448:C:T(1),10:88465638:T:C(1),10:88466710:G:A(1),10:88467826:C:T(1),10:88468194:C:T(1),10:88472614:G:A(1),10:88479687:G:A(1),10:88480714:C:G(1),10:88480992:G:A(1),10:88488484:G:A(1),10:88489575:C:T(1),10:88494474:G:A(1),10:88500365:A:G(1),10:88505546:C:G(1),10:88506903:T:C(1),10:88509088:T:A(1),10:88511364:A:G(1),10:88511737:T:A(1),10:88512342:G:C(1),10:88516090:G:C(1),10:88518996:C:T(1),10:88523138:G:A(1),10:88523639:C:G(1),10:88523810:A:G(1),10:88525868:T:C(1),10:88526034:G:C(1),10:88526512:G:A(1),10:88526921:A:C(1),10:88530927:T:C(1),10:88531140:A:C(1),10:88532176:C:T(1),10:88532238:A:T(1),10:88532252:G:A(1),10:88533692:G:C(1),10:88534968:C:G(1),10:88536955:A:G(1),10:88537552:C:T(1),10:88538953:C:A(1),10:88545321:A:G(1),10:88548923:T:C(1),10:88551598:C:G(1),10:88551879:C:T(1),10:88557353:C:T(1),10:88557849:C:G(1),10:88560275:A:G(1),10:88560390:T:G(1),10:88560526:G:T(1),10:88562614:G:A(1),10:88568012:G:C(1),10:88569938:A:G(1),10:88570354:A:G(1),10:88574557:T:G(1),10:88577491:A:G(1),10:88581433:A:G(1),10:88581761:C:T(1),10:88585992:A:G(1),10:88586117:A:G(1),10:88601607:T:C(1),10:88602368:G:A(1),10:88604569:T:C(1),10:88605987:G:A(1),10:88606480:A:C(1),10:88607254:T:C(1),10:88609943:T:C(1),10:88610020:G:A(1),10:88614776:C:T(1),10:88616114:C:G(1),10:88618968:T:C(1),10:88620325:G:A(1),10:88620817:C:G(1),10:88624838:C:T(1),10:88626977:A:G(1),10:88628351:G:T(1),10:88631759:A:G(1),10:88633978:A:G(1),10:88634901:T:C(1),10:88637216:G:A(1),10:88637677:G:A(1),10:88652297:T:C(1),10:88653203:A:G(1),10:88657293:G:A(1),10:88657294:A:C(1),10:88662216:A:C(1),10:88663225:T:C(1),10:88672877:T:G(1),10:88674630:A:G(1),10:88676146:G:A(1),10:88684240:T:C(1),10:88688532:C:T(1),10:88688953:A:T(1)",rs17335168,chr10:88516091,chr10,86756334,86756335,chr10:86756334,True,BMPR1A,Active,TSG
19,1,19:45868478:A:T,45868478,3.1999999999999996e-53,14,0,0,0,0,14,"19:45863820:A:G(1),19:45864032:G:A(1),19:45865002:A:C(1),19:45865217:C:T(1),19:45865690:T:C(1),19:45868006:T:A(1),19:45868309:G:T(1),19:45869208:G:A(1),19:45869385:A:C(1),19:45870149:C:A(1),19:45870294:G:A(1),19:45870879:G:A(1),19:45871606:C:T(1),19:45872036:T:C(1)",rs238407,chr19:45873902,chr19,45370644,45370645,chr19:45370644,True,ERCC2,Inter-TAD,TSG
16,1,16:89828862:T:C,89828862,6.3499999999999995e-46,143,0,0,0,0,143,"16:89797513:C:T(1),16:89797515:G:C(1),16:89797946:C:G(1),16:89797954:C:G(1),16:89798098:C:G(1),16:89800135:G:A(1),16:89803286:C:G(1),16:89803762:C:G(1),16:89805977:G:A(1),16:89806347:A:T(1),16:89808275:A:C(1),16:89810186:G:A(1),16:89810337:C:T(1),16:89811196:T:C(1),16:89811796:T:C(1),16:89812283:G:A(1),16:89812617:C:T(1),16:89812762:C:A(1),16:89813972:C:T(1),16:89814818:T:G(1),16:89815217:C:T(1),16:89815781:T:C(1),16:89815799:T:C(1),16:89817777:G:T(1),16:89818089:A:G(1),16:89819702:G:A(1),16:89819737:G:A(1),16:89819816:A:G(1),16:89819881:G:C(1),16:89820149:A:C(1),16:89820185:A:G(1),16:89820202:C:G(1),16:89820416:A:C(1),16:89820441:C:G(1),16:89821960:A:G(1),16:89822118:T:C(1),16:89824348:C:A(1),16:89824384:C:G(1),16:89824753:T:C(1),16:89825857:C:T(1),16:89825970:A:G(1),16:89826892:T:A(1),16:89826901:G:A(1),16:89828669:C:G(1),16:89829201:G:C(1),16:89829895:C:T(1),16:89830462:C:G(1),16:89830493:T:C(1),16:89832083:C:T(1),16:89832364:T:C(1),16:89832848:C:T(1),16:89833097:T:C(1),16:89833774:C:G(1),16:89833881:G:T(1),16:89834025:C:G(1),16:89834076:T:C(1),16:89834661:A:C(1),16:89834971:C:G(1),16:89835097:A:G(1),16:89836323:C:T(1),16:89836781:G:A(1),16:89836865:A:G(1),16:89836872:T:C(1),16:89838078:A:G(1),16:89838834:T:C(1),16:89839997:G:A(1),16:89840965:T:C(1),16:89841239:T:C(1),16:89841793:G:C(1),16:89842029:C:G(1),16:89842374:T:G(1),16:89842749:G:C(1),16:89842824:C:T(1),16:89844229:T:C(1),16:89844276:G:C(1),16:89845110:A:T(1),16:89845194:A:G(1),16:89846195:A:G(1),16:89847502:G:A(1),16:89847521:C:T(1),16:89847631:A:G(1),16:89848559:A:G(1),16:89849583:C:T(1),16:89849629:T:A(1),16:89849735:G:A(1),16:89849740:C:T(1),16:89849914:G:A(1),16:89850677:C:G(1),16:89852133:A:G(1),16:89853017:A:G(1),16:89853117:G:C(1),16:89853833:T:C(1),16:89854025:A:T(1),16:89854501:G:C(1),16:89854829:C:G(1),16:89854977:C:G(1),16:89855169:C:T(1),16:89855192:T:C(1),16:89856393:T:C(1),16:89856539:G:A(1),16:89856763:G:C(1),16:89856797:A:G(1),16:89857212:G:A(1),16:89857369:C:T(1),16:89857548:A:G(1),16:89857622:T:C(1),16:89857700:A:G(1),16:89857964:T:C(1),16:89858024:A:G(1),16:89858505:T:C(1),16:89858525:C:G(1),16:89858657:C:G(1),16:89859953:A:G(1),16:89862132:G:C(1),16:89862961:C:G(1),16:89862982:G:A(1),16:89863110:A:G(1),16:89865103:T:A(1),16:89865242:T:C(1),16:89867368:T:G(1),16:89867797:A:G(1),16:89872445:A:C(1),16:89873377:G:A(1),16:89873413:G:A(1),16:89874001:T:C(1),16:89874559:A:C(1),16:89874628:C:T(1),16:89875246:T:C(1),16:89876330:T:G(1),16:89877720:C:T(1),16:89877975:A:G(1),16:89879713:T:G(1),16:89880258:G:C(1),16:89880537:A:T(1),16:89881486:T:C(1),16:89881612:T:C(1),16:89882807:G:T(1),16:89882826:C:T(1),16:89883208:T:C(1),16:89883224:C:G(1),16:89884822:C:G(1),16:89886392:C:G(1),16:89907526:T:A(1)",rs6500442,chr16:89883248,chr16,89816840,89816841,chr16:89816840,True,FANCA,Active,TSG
16,1,16:74482455:G:A,74482455,2.34e-45,93,0,0,0,0,93,"16:74464854:C:T(1),16:74464926:A:C(1),16:74482774:G:A(1),16:74483287:C:G(1),16:74483499:C:T(1),16:74483649:A:T(1),16:74485722:G:A(1),16:74490789:G:A(1),16:74491424:C:T(1),16:74491575:C:A(1),16:74497911:A:G(1),16:74498307:T:A(1),16:74498628:C:T(1),16:74500376:C:G(1),16:74500440:G:C(1),16:74500888:C:G(1),16:74501856:G:C(1),16:74502503:G:A(1),16:74502603:T:G(1),16:74503860:T:A(1),16:74504843:C:T(1),16:74506765:C:G(1),16:74507269:G:A(1),16:74511765:G:A(1),16:74512830:G:A(1),16:74513962:T:C(1),16:74517155:G:A(1),16:74517352:G:T(1),16:74518692:T:G(1),16:74520295:C:A(1),16:74524031:G:A(1),16:74527597:A:G(1),16:74527618:C:A(1),16:74534418:C:T(1),16:74534903:T:C(1),16:74538589:C:T(1),16:74548340:T:C(1),16:74550541:G:T(1),16:74552175:T:C(1),16:74553501:T:A(1),16:74562784:G:T(1),16:74563469:G:C(1),16:74563777:T:C(1),16:74564968:G:A(1),16:74566474:C:T(1),16:74567388:T:C(1),16:74572373:T:C(1),16:74585778:T:C(1),16:74592945:G:A(1),16:74593137:A:G(1),16:74594495:C:A(1),16:74598644:C:T(1),16:74599145:G:T(1),16:74599806:T:A(1),16:74601267:T:G(1),16:74607239:A:T(1),16:74607961:G:A(1),16:74615424:T:G(1),16:74621872:T:C(1),16:74622443:G:A(1),16:74622887:C:G(1),16:74624245:G:A(1),16:74625988:T:G(1),16:74627711:T:C(1),16:74630154:C:T(1),16:74635791:G:C(1),16:74636915:G:A(1),16:74639545:G:A(1),16:74643514:G:A(1),16:74645166:C:G(1),16:74647394:C:T(1),16:74649187:G:A(1),16:74652362:C:T(1),16:74652891:C:G(1),16:74653053:C:T(1),16:74655634:C:G(1),16:74655848:A:G(1),16:74660993:A:C(1),16:74669241:T:C(1),16:74672201:A:G(1),16:74674271:T:C(1),16:74676041:G:C(1),16:74676550:T:C(1),16:74682609:G:A(1),16:74685589:T:C(1),16:74694584:G:C(1),16:74695079:T:G(1),16:74712905:T:A(1),16:74713054:G:A(1),16:74713331:G:C(1),16:74713677:C:T(1),16:74724309:C:T(1),16:74724933:G:A(1)",rs1132843,chr16:74700730,chr16,74666832,74666833,chr16:74666832,True,RFWD3,Boundary-Active,TSG
16,1,16:74711964:C:T,74711964,3.75e-45,1,0,0,0,0,1,16:74710728:C:T(1),rs35505591,chr16:74700730,chr16,74666832,74666833,chr16:74666832,True,RFWD3,Boundary-Active,TSG
2,1,2:61772257:G:A,61772257,2.3399999999999998e-34,219,0,0,0,0,219,"2:61524679:C:T(1),2:61532320:G:A(1),2:61536740:G:A(1),2:61537214:G:A(1),2:61539945:C:T(1),2:61540687:A:G(1),2:61540923:T:C(1),2:61543060:C:T(1),2:61543081:T:C(1),2:61549600:G:T(1),2:61550529:G:A(1),2:61551435:T:C(1),2:61552145:C:G(1),2:61554289:G:C(1),2:61555421:A:G(1),2:61558682:T:C(1),2:61560264:T:C(1),2:61561658:A:G(1),2:61564121:G:A(1),2:61564249:A:C(1),2:61571295:G:C(1),2:61571513:T:C(1),2:61572322:C:T(1),2:61581890:C:A(1),2:61583128:A:C(1),2:61585295:C:G(1),2:61588070:T:A(1),2:61588642:T:C(1),2:61595291:G:A(1),2:61596180:A:G(1),2:61603357:A:C(1),2:61604383:G:A(1),2:61604856:A:T(1),2:61605379:A:C(1),2:61605614:A:T(1),2:61606475:G:A(1),2:61606866:G:A(1),2:61608540:C:A(1),2:61608652:G:A(1),2:61612881:C:A(1),2:61612946:T:G(1),2:61613004:A:G(1),2:61613261:G:A(1),2:61613785:C:G(1),2:61614301:C:G(1),2:61615667:G:A(1),2:61615763:C:T(1),2:61616055:G:A(1),2:61618311:C:T(1),2:61618574:T:C(1),2:61619267:T:G(1),2:61619588:G:A(1),2:61620989:C:T(1),2:61621307:A:G(1),2:61622658:G:A(1),2:61624840:T:C(1),2:61625129:G:T(1),2:61625506:G:A(1),2:61627634:G:T(1),2:61628017:T:A(1),2:61628240:C:G(1),2:61628989:G:C(1),2:61629408:C:T(1),2:61632228:T:C(1),2:61634706:A:C(1),2:61635363:C:G(1),2:61640291:G:A(1),2:61640487:T:C(1),2:61643631:T:C(1),2:61644329:G:C(1),2:61646631:T:C(1),2:61647901:A:G(1),2:61649791:G:A(1),2:61650715:T:G(1),2:61651027:C:T(1),2:61652601:T:C(1),2:61653058:T:C(1),2:61654256:G:A(1),2:61655008:T:C(1),2:61656056:G:C(1),2:61659199:G:C(1),2:61660483:A:C(1),2:61661417:A:G(1),2:61663372:C:A(1),2:61665184:A:C(1),2:61665336:T:C(1),2:61668769:T:C(1),2:61669248:A:C(1),2:61670731:C:T(1),2:61670829:A:G(1),2:61672313:A:C(1),2:61672537:G:A(1),2:61672958:A:G(1),2:61672965:C:A(1),2:61672991:G:A(1),2:61673394:G:T(1),2:61673520:A:C(1),2:61676940:T:C(1),2:61677137:G:C(1),2:61679520:C:T(1),2:61679552:T:G(1),2:61679894:G:C(1),2:61679924:G:A(1),2:61681060:G:A(1),2:61681428:T:G(1),2:61682178:G:A(1),2:61682976:T:C(1),2:61684564:G:A(1),2:61688505:C:T(1),2:61688727:A:T(1),2:61691260:C:T(1),2:61691440:C:T(1),2:61692115:T:C(1),2:61692203:T:G(1),2:61694797:T:G(1),2:61694831:T:G(1),2:61695589:T:A(1),2:61696488:G:C(1),2:61698972:C:G(1),2:61702466:T:C(1),2:61703856:G:A(1),2:61709349:A:C(1),2:61711815:G:T(1),2:61713526:G:C(1),2:61713580:C:G(1),2:61716924:C:G(1),2:61720497:A:T(1),2:61722904:T:C(1),2:61724568:A:G(1),2:61725501:A:G(1),2:61727215:A:G(1),2:61729258:G:A(1),2:61729268:C:T(1),2:61729695:C:A(1),2:61731112:A:G(1),2:61732159:C:T(1),2:61733012:C:T(1),2:61735446:C:T(1),2:61735569:T:C(1),2:61736652:T:A(1),2:61737990:T:A(1),2:61740646:G:C(1),2:61740825:G:A(1),2:61741811:C:T(1),2:61741947:C:T(1),2:61742654:G:C(1),2:61743377:T:C(1),2:61745139:T:C(1),2:61747123:G:A(1),2:61747355:A:G(1),2:61748900:G:C(1),2:61749472:A:G(1),2:61749690:T:C(1),2:61749716:T:C(1),2:61751333:G:A(1),2:61752154:A:G(1),2:61753786:T:C(1),2:61755728:C:G(1),2:61756535:T:G(1),2:61756903:T:A(1),2:61757721:T:G(1),2:61760141:G:C(1),2:61761637:A:G(1),2:61761774:G:A(1),2:61762161:G:A(1),2:61762384:T:G(1),2:61763165:C:T(1),2:61764140:T:C(1),2:61768421:C:A(1),2:61768745:A:G(1),2:61769405:A:T(1),2:61770126:A:C(1),2:61774473:G:T(1),2:61774854:G:A(1),2:61775364:C:T(1),2:61775369:A:G(1),2:61776902:G:C(1),2:61780200:A:T(1),2:61781037:A:G(1),2:61781994:G:A(1),2:61782161:C:T(1),2:61782921:T:G(1),2:61785639:G:C(1),2:61785680:T:C(1),2:61787028:G:C(1),2:61790289:G:C(1),2:61791954:T:C(1),2:61792342:C:T(1),2:61795267:A:C(1),2:61797030:A:C(1),2:61798829:T:C(1),2:61800279:G:C(1),2:61801277:A:T(1),2:61803916:C:T(1),2:61804473:C:T(1),2:61806700:G:T(1),2:61810428:C:G(1),2:61811480:C:T(1),2:61813377:G:A(1),2:61815208:A:G(1),2:61816777:G:A(1),2:61825142:G:T(1),2:61825630:A:G(1),2:61827052:G:A(1),2:61828818:G:C(1),2:61830144:C:T(1),2:61835240:T:G(1),2:61835253:T:C(1),2:61836235:C:A(1),2:61837947:G:C(1),2:61841588:T:C(1),2:61841641:A:C(1),2:61842126:A:T(1),2:61842786:A:G(1),2:61845215:G:T(1),2:61845485:T:C(1),2:61848078:A:G(1),2:61851342:T:C(1),2:61851845:T:G(1)",rs6545883,chr2:61764176,chr2,61537041,61537042,chr2:61537041,True,XPO1,Inter-TAD,Oncogene
10,1,10:104960752:A:G,104960752,4.87e-33,62,0,0,0,0,62,"10:104716771:A:T(1),10:104719290:G:A(1),10:104727524:G:T(1),10:104732996:T:C(1),10:104733098:A:G(1),10:104737682:G:A(1),10:104745174:T:A(1),10:104746468:C:T(1),10:104747594:C:T(1),10:104752830:T:G(1),10:104752831:A:T(1),10:104753726:C:T(1),10:104765605:C:T(1),10:104767892:C:G(1),10:104769098:T:G(1),10:104769268:G:A(1),10:104774050:A:G(1),10:104776391:G:A(1),10:104778756:G:A(1),10:104788826:G:A(1),10:104792400:A:G(1),10:104793040:G:A(1),10:104793435:G:C(1),10:104794984:G:C(1),10:104796138:T:C(1),10:104799267:T:A(1),10:104800205:T:C(1),10:104801866:C:T(1),10:104803062:C:A(1),10:104805610:C:A(1),10:104806884:G:A(1),10:104807926:C:T(1),10:104808997:G:A(1),10:104817031:C:T(1),10:104821256:A:T(1),10:104822009:C:T(1),10:104822688:A:G(1),10:104830634:C:T(1),10:104833161:C:T(1),10:104833922:A:G(1),10:104836101:C:A(1),10:104838510:G:A(1),10:104845443:T:A(1),10:104867206:C:T(1),10:104878454:G:A(1),10:104882913:G:A(1),10:104895297:C:T(1),10:104900272:G:A(1),10:104906992:T:C(1),10:104926876:G:A(1),10:104929113:C:A(1),10:104932062:G:A(1),10:104933654:A:G(1),10:104934952:C:T(1),10:104939232:G:A(1),10:104948615:C:T(1),10:104953021:C:A(1),10:104963618:T:A(1),10:104971159:C:T(1),10:104971203:C:T(1),10:104978126:T:C(1),10:104980726:G:T(1)",rs113642369,chr10:104952993,chr10,103193236,103193237,chr10:103193236,True,NT5C2,Inter-TAD,Oncogene
10,1,10:104658172:G:A,104658172,1.11e-30,34,0,0,0,0,34,"10:104629236:G:C(1),10:104630181:T:C(1),10:104633290:G:A(1),10:104634107:A:G(1),10:104634474:A:G(1),10:104637759:C:T(1),10:104638723:T:C(1),10:104645944:C:A(1),10:104646297:T:C(1),10:104647774:A:T(1),10:104648466:C:T(1),10:104650630:G:A(1),10:104651055:C:T(1),10:104651480:A:G(1),10:104651955:T:C(1),10:104652045:C:T(1),10:104656315:C:T(1),10:104656671:T:C(1),10:104661997:C:T(1),10:104665145:G:C(1),10:104665397:T:C(1),10:104670346:C:T(1),10:104671459:A:C(1),10:104677662:G:C(1),10:104681710:T:C(1),10:104688892:C:T(1),10:104691567:A:G(1),10:104695699:T:G(1),10:104697781:C:T(1),10:104698978:T:C(1),10:104700444:G:A(1),10:104702413:A:C(1),10:104709001:C:T(1),10:104710710:C:G(1)",rs111638521,chr10:104952993,chr10,103193236,103193237,chr10:103193236,True,NT5C2,Neither,Oncogene
16,1,16:74679883:C:T,74679883,6.86e-30,68,0,0,0,0,68,"16:74489724:C:T(1),16:74503220:C:T(1),16:74513784:T:G(1),16:74514032:T:C(1),16:74523325:C:T(1),16:74525728:G:A(1),16:74559117:A:C(1),16:74561008:T:C(1),16:74561993:C:T(1),16:74590731:G:A(1),16:74592682:A:G(1),16:74611088:T:C(1),16:74616073:T:A(1),16:74617741:A:T(1),16:74619892:C:T(1),16:74635333:A:G(1),16:74642669:A:T(1),16:74643493:C:A(1),16:74644959:A:T(1),16:74646018:A:G(1),16:74653324:G:A(1),16:74654396:G:A(1),16:74654473:G:A(1),16:74655179:A:C(1),16:74655652:C:T(1),16:74659149:T:C(1),16:74659443:T:C(1),16:74660185:C:T(1),16:74662597:C:T(1),16:74663863:C:G(1),16:74668446:C:T(1),16:74668533:C:T(1),16:74668860:T:C(1),16:74670821:G:A(1),16:74672068:C:G(1),16:74674007:G:C(1),16:74675604:C:T(1),16:74675708:C:T(1),16:74678063:C:T(1),16:74681677:A:G(1),16:74682735:A:G(1),16:74682752:G:A(1),16:74688440:A:G(1),16:74689182:G:A(1),16:74690062:G:C(1),16:74691457:T:C(1),16:74692822:C:G(1),16:74694731:C:A(1),16:74697238:T:C(1),16:74697672:A:T(1),16:74698387:G:A(1),16:74699583:G:A(1),16:74700927:C:G(1),16:74701378:G:A(1),16:74702254:G:A(1),16:74702430:C:T(1),16:74702662:A:G(1),16:74703272:C:A(1),16:74703449:T:G(1),16:74704250:T:C(1),16:74704364:T:C(1),16:74705424:A:G(1),16:74705961:T:C(1),16:74706349:T:C(1),16:74707413:G:T(1),16:74707939:C:T(1),16:74708403:A:G(1),16:74709206:G:A(1)",rs36083956,chr16:74700937,chr16,74667039,74667040,chr16:74667039,True,RFWD3,Boundary-Active,TSG
10,1,10:104896563:G:A,104896563,7.63e-30,8,0,0,0,0,8,"10:104709267:G:A(1),10:104734612:C:T(1),10:104759191:C:G(1),10:104795835:G:A(1),10:104852002:T:C(1),10:104893271:G:A(1),10:104909890:G:A(1),10:104953007:G:C(1)",rs1163248,chr10:104952993,chr10,103193236,103193237,chr10:103193236,True,NT5C2,Neither,Oncogene
16,1,16:89844043:T:C,89844043,1.53e-29,1,0,0,0,0,1,16:89863750:G:T(1),rs1006548,chr16:89883248,chr16,89816840,89816841,chr16:89816840,True,FANCA,Active,TSG
10,1,10:104614613:C:T,104614613,8.360000000000001e-29,13,0,0,0,0,13,"10:104547610:G:A(1),10:104548393:G:A(1),10:104553566:C:T(1),10:104557290:T:C(1),10:104560283:T:C(1),10:104562212:C:T(1),10:104563743:C:G(1),10:104568018:C:T(1),10:104569239:G:A(1),10:104573017:G:T(1),10:104575870:A:G(1),10:104591182:G:T(1),10:104592125:G:A(1)",rs9420881,chr10:104952993,chr10,103193236,103193237,chr10:103193236,True,NT5C2,Neither,Oncogene
16,1,16:89884502:T:C,89884502,1.72e-27,69,0,0,0,0,69,"16:89774396:A:G(1),16:89775946:A:G(1),16:89790167:G:C(1),16:89792228:T:C(1),16:89793042:G:T(1),16:89793115:G:A(1),16:89796569:C:T(1),16:89796665:G:A(1),16:89796756:C:T(1),16:89799079:C:T(1),16:89800529:C:T(1),16:89801127:C:T(1),16:89801133:G:A(1),16:89802090:A:G(1),16:89803670:G:A(1),16:89805261:G:A(1),16:89807705:C:T(1),16:89810823:C:T(1),16:89814064:G:T(1),16:89821080:T:C(1),16:89823393:T:C(1),16:89825495:G:C(1),16:89826723:A:G(1),16:89826922:T:C(1),16:89826926:G:A(1),16:89827002:C:T(1),16:89827011:G:C(1),16:89831819:G:A(1),16:89831841:G:A(1),16:89841374:C:T(1),16:89841552:C:T(1),16:89847891:C:A(1),16:89853307:C:T(1),16:89857008:G:A(1),16:89859292:C:A(1),16:89867339:G:A(1),16:89869761:C:T(1),16:89875259:C:T(1),16:89875377:G:C(1),16:89875438:C:T(1),16:89879916:C:A(1),16:89884917:A:G(1),16:89884981:C:T(1),16:89885161:A:G(1),16:89885223:C:G(1),16:89886905:C:T(1),16:89888341:C:T(1),16:89890452:G:A(1),16:89890920:C:T(1),16:89891812:G:A(1),16:89891956:A:G(1),16:89892471:G:A(1),16:89893243:G:A(1),16:89893450:A:G(1),16:89894150:C:G(1),16:89894612:C:A(1),16:89896423:G:A(1),16:89898191:C:T(1),16:89898764:C:G(1),16:89899940:C:T(1),16:89900237:C:T(1),16:89902482:C:T(1),16:89904426:G:A(1),16:89905529:T:C(1),16:89905925:C:G(1),16:89909401:C:T(1),16:89914633:G:T(1),16:89915418:C:T(1),16:89917537:C:T(1)",rs8047581,chr16:89883248,chr16,89816840,89816841,chr16:89816840,True,FANCA,Active,TSG
10,1,10:105169859:G:A,105169859,3.7900000000000005e-27,15,0,0,0,0,15,"10:104970156:C:A(1),10:104996259:G:C(1),10:105003019:G:T(1),10:105021474:C:T(1),10:105035954:A:G(1),10:105058104:A:G(1),10:105066314:T:C(1),10:105070837:C:T(1),10:105076383:C:T(1),10:105079130:G:A(1),10:105112852:C:A(1),10:105116748:C:A(1),10:105118960:G:A(1),10:105174869:G:A(1),10:105194476:C:T(1)",rs4918013,chr10:104952993,chr10,103193236,103193237,chr10:103193236,True,NT5C2,Inter-TAD,Oncogene
16,1,16:74479953:G:C,74479953,7.860000000000001e-26,19,0,0,0,0,19,"16:74465396:C:G(1),16:74466419:C:T(1),16:74468038:C:T(1),16:74468889:G:A(1),16:74470644:C:T(1),16:74471420:T:C(1),16:74472224:G:T(1),16:74472238:T:G(1),16:74472300:G:A(1),16:74472546:T:G(1),16:74472661:G:A(1),16:74472696:T:C(1),16:74476015:T:C(1),16:74485788:C:T(1),16:74489395:G:C(1),16:74489732:T:A(1),16:74490529:G:A(1),16:74491733:A:G(1),16:74589192:G:A(1)",rs3865166,chr16:74700730,chr16,74666832,74666833,chr16:74666832,True,RFWD3,Boundary-Active,TSG
2,1,2:61338832:T:C,61338832,1.24e-24,81,0,0,0,0,81,"2:61233022:A:T(1),2:61233289:G:A(1),2:61234756:T:C(1),2:61262134:C:T(1),2:61268160:A:G(1),2:61274507:A:T(1),2:61278052:G:A(1),2:61280675:T:C(1),2:61286593:G:A(1),2:61287445:T:C(1),2:61304002:G:A(1),2:61305620:G:A(1),2:61306754:A:C(1),2:61307218:C:G(1),2:61308517:G:A(1),2:61311187:T:C(1),2:61311254:A:G(1),2:61331578:T:C(1),2:61334789:C:T(1),2:61336718:C:G(1),2:61338187:A:G(1),2:61342043:T:C(1),2:61345477:G:A(1),2:61345481:T:A(1),2:61348080:C:T(1),2:61348804:G:A(1),2:61351890:C:T(1),2:61353256:C:T(1),2:61364154:G:A(1),2:61364216:C:G(1),2:61368353:G:C(1),2:61368532:G:T(1),2:61376796:C:T(1),2:61382443:T:C(1),2:61384906:T:C(1),2:61385248:A:G(1),2:61387254:C:G(1),2:61387388:T:C(1),2:61387871:C:T(1),2:61388390:T:C(1),2:61389737:T:G(1),2:61391305:A:G(1),2:61393175:A:G(1),2:61394297:A:G(1),2:61396193:C:G(1),2:61396200:G:T(1),2:61396539:T:A(1),2:61396766:A:G(1),2:61397127:G:A(1),2:61397778:A:C(1),2:61399317:A:C(1),2:61399347:T:C(1),2:61399529:G:C(1),2:61405795:T:G(1),2:61417145:G:C(1),2:61417617:G:A(1),2:61419103:A:C(1),2:61425621:C:T(1),2:61426820:A:G(1),2:61435275:C:T(1),2:61436930:A:T(1),2:61437044:G:C(1),2:61440947:T:C(1),2:61444998:G:C(1),2:61445333:C:T(1),2:61451260:T:C(1),2:61452879:T:C(1),2:61457148:G:A(1),2:61458206:A:T(1),2:61458518:C:T(1),2:61461183:G:T(1),2:61461829:G:A(1),2:61470126:C:T(1),2:61505072:C:T(1),2:61509783:G:A(1),2:61512321:A:T(1),2:61519094:G:A(1),2:61519408:T:G(1),2:61519922:C:A(1),2:61520815:C:T(1),2:61522047:T:C(1)",rs1177265,chr2:61764176,chr2,61537041,61537042,chr2:61537041,True,XPO1,Inter-TAD,Oncogene
12,1,12:95950002:A:T,95950002,4.44e-24,10,0,0,0,0,10,"12:95945278:G:T(1),12:95946616:G:A(1),12:95947420:T:G(1),12:95950362:A:G(1),12:95951091:G:A(1),12:95953171:C:G(1),12:95953645:A:G(1),12:95955270:C:T(1),12:95961857:C:T(1),12:95962441:A:G(1)",rs12582124,chr12:95945277,chr12,95551501,95551502,chr12:95551501,True,USP44,Boundary-Inactive,TSG
16,1,16:74698252:A:T,74698252,2.0100000000000003e-23,26,0,0,0,0,26,"16:74490556:G:A(1),16:74492495:G:C(1),16:74494522:T:A(1),16:74499046:G:C(1),16:74506447:G:C(1),16:74507109:C:G(1),16:74517759:G:T(1),16:74523273:G:T(1),16:74523739:G:C(1),16:74576786:G:C(1),16:74577161:G:C(1),16:74578297:C:A(1),16:74587813:C:G(1),16:74596618:C:A(1),16:74597758:G:C(1),16:74598688:T:C(1),16:74599103:T:C(1),16:74609517:G:A(1),16:74610422:T:C(1),16:74612377:A:G(1),16:74613575:G:C(1),16:74619168:G:T(1),16:74623420:T:G(1),16:74624145:C:A(1),16:74644112:G:T(1),16:74651005:T:C(1)",rs74820302,chr16:74700730,chr16,74666832,74666833,chr16:74666832,True,RFWD3,Boundary-Active,TSG
16,1,16:74592483:T:C,74592483,2.5900000000000002e-23,0,0,0,0,0,0,NONE,rs7359422,chr16:74700730,chr16,74666832,74666833,chr16:74666832,True,RFWD3,Active,TSG
16,1,16:74384296:C:T,74384296,3.71e-23,48,0,0,0,0,48,"16:74198510:G:A(1),16:74204240:C:G(1),16:74214288:A:G(1),16:74215847:C:A(1),16:74219386:C:G(1),16:74221166:T:C(1),16:74223117:A:T(1),16:74226254:C:G(1),16:74232410:T:G(1),16:74239262:T:G(1),16:74240228:G:A(1),16:74244069:A:C(1),16:74258212:C:T(1),16:74258308:A:G(1),16:74260823:G:C(1),16:74263384:T:C(1),16:74264194:A:G(1),16:74266953:T:C(1),16:74267245:C:T(1),16:74271146:T:C(1),16:74271603:G:A(1),16:74271868:G:C(1),16:74272218:A:G(1),16:74274225:G:T(1),16:74277844:C:T(1),16:74287577:G:A(1),16:74302727:T:C(1),16:74311193:T:C(1),16:74312512:G:A(1),16:74315186:G:A(1),16:74319185:T:C(1),16:74321225:A:T(1),16:74335204:T:C(1),16:74350906:G:A(1),16:74353751:G:A(1),16:74356863:A:C(1),16:74360929:G:A(1),16:74361827:T:C(1),16:74364809:C:T(1),16:74364811:C:T(1),16:74366155:T:C(1),16:74371684:A:T(1),16:74374108:G:T(1),16:74376509:G:A(1),16:74381853:C:T(1),16:74382048:A:T(1),16:74388130:C:A(1),16:74388514:G:A(1)",rs11859725,chr16:74700937,chr16,74667039,74667040,chr16:74667039,True,RFWD3,Inter-TAD,TSG
2,1,2:61836773:T:C,61836773,4.5299999999999993e-23,5,0,0,0,0,5,"2:61765074:G:A(1),2:61782047:C:T(1),2:61782849:G:A(1),2:61786848:C:T(1),2:61841031:A:G(1)",rs9679654,chr2:61764176,chr2,61537041,61537042,chr2:61537041,True,XPO1,Inter-TAD,Oncogene
2,1,2:61515164:T:C,61515164,1e-22,19,0,0,0,0,19,"2:61429568:T:C(1),2:61439206:T:C(1),2:61451744:C:T(1),2:61454059:A:T(1),2:61460717:T:C(1),2:61461412:T:C(1),2:61479010:T:C(1),2:61484556:C:T(1),2:61488841:T:C(1),2:61490537:A:G(1),2:61494450:A:C(1),2:61549129:T:C(1),2:61616653:G:T(1),2:61638952:C:T(1),2:61662555:C:A(1),2:61680993:C:G(1),2:61687214:A:C(1),2:61704451:T:C(1),2:61710573:A:C(1)",rs11125872,chr2:61764176,chr2,61537041,61537042,chr2:61537041,True,XPO1,Inter-TAD,Oncogene
16,1,16:74711629:T:A,74711629,1.07e-22,1,0,0,0,0,1,16:74711902:C:G(1),rs8060525,chr16:74700730,chr16,74666832,74666833,chr16:74666832,True,RFWD3,Boundary-Active,TSG
17,1,17:73794047:T:G,73794047,5.84e-21,10,0,0,0,0,10,"17:73764500:G:A(1),17:73767089:T:C(1),17:73775585:G:A(1),17:73775825:G:A(1),17:73790960:G:C(1),17:73796617:A:C(1),17:73797235:C:T(1),17:73797274:G:A(1),17:73879855:G:T(1),17:73920219:C:T(1)",rs17581498,chr17:73775811,chr17,75779730,75779731,chr17:75779730,True,H3F3B,Inter-TAD,Oncogene
19,1,19:45878605:C:T,45878605,4.49e-20,2,0,0,0,0,2,"19:45882693:G:A(1),19:45882962:T:A(1)",rs7252567,chr19:45873902,chr19,45370644,45370645,chr19:45370644,True,ERCC2,Inter-TAD,TSG
16,1,16:74636961:C:T,74636961,5.77e-20,1,0,0,0,0,1,16:74634309:G:A(1),rs62051927,chr16:74700730,chr16,74666832,74666833,chr16:74666832,True,RFWD3,Active,TSG
2,1,2:47652455:C:T,47652455,4.64e-19,33,0,0,0,0,33,"2:47572836:G:A(1),2:47575249:C:T(1),2:47590390:T:G(1),2:47602178:A:T(1),2:47609132:C:T(1),2:47613870:T:C(1),2:47623154:G:T(1),2:47630213:T:C(1),2:47637065:C:T(1),2:47639329:A:G(1),2:47645649:G:A(1),2:47647838:C:T(1),2:47689217:G:T(1),2:47693788:A:T(1),2:47694252:C:G(1),2:47701705:C:T(1),2:47703290:G:A(1),2:47708515:G:A(1),2:47712780:A:C(1),2:47729822:A:G(1),2:47734025:C:T(1),2:47749146:G:A(1),2:47750724:C:T(1),2:47750740:G:A(1),2:47753858:C:T(1),2:47755354:G:T(1),2:47762216:T:G(1),2:47763275:G:T(1),2:47766607:G:T(1),2:47766835:G:C(1),2:47766866:G:A(1),2:47768786:C:T(1),2:47773640:A:G(1)",rs61083258,chr2:47630224,chr2,47403085,47403086,chr2:47403085,True,MSH2,Boundary-Mixed,TSG
16,1,16:74222799:G:C,74222799,1.13e-18,52,0,0,0,0,52,"16:74199587:A:G(1),16:74201194:T:C(1),16:74203320:A:C(1),16:74203473:A:G(1),16:74203942:G:T(1),16:74204151:C:A(1),16:74204362:C:T(1),16:74204370:T:G(1),16:74204592:C:A(1),16:74204763:T:G(1),16:74205757:G:T(1),16:74206062:T:C(1),16:74206160:G:C(1),16:74206410:T:A(1),16:74206853:T:C(1),16:74207201:A:G(1),16:74207293:A:G(1),16:74207809:T:C(1),16:74207949:G:A(1),16:74208106:T:C(1),16:74208136:T:C(1),16:74208255:T:C(1),16:74208333:C:T(1),16:74208707:A:G(1),16:74209116:T:C(1),16:74209122:T:C(1),16:74209154:C:T(1),16:74209225:G:A(1),16:74213287:A:G(1),16:74219310:T:C(1),16:74221269:T:C(1),16:74225409:A:T(1),16:74226402:A:G(1),16:74227243:C:T(1),16:74228280:G:A(1),16:74228281:G:A(1),16:74229882:T:C(1),16:74231968:T:C(1),16:74232638:C:A(1),16:74233720:C:A(1),16:74238787:G:A(1),16:74239881:G:T(1),16:74240905:G:A(1),16:74242524:C:A(1),16:74242960:C:T(1),16:74245248:C:T(1),16:74263019:C:T(1),16:74266563:G:A(1),16:74276961:A:C(1),16:74304865:G:A(1),16:74322346:G:A(1),16:74355759:G:A(1)",rs200282,chr16:74700730,chr16,74666832,74666833,chr16:74666832,True,RFWD3,Inter-TAD,TSG
2,1,2:61485267:T:C,61485267,1.67e-18,22,0,0,0,0,22,"2:61242410:G:A(1),2:61297168:T:A(1),2:61307749:G:A(1),2:61308965:A:G(1),2:61349446:A:G(1),2:61352163:A:G(1),2:61413723:G:A(1),2:61448776:A:C(1),2:61473148:T:C(1),2:61478497:C:T(1),2:61479131:A:G(1),2:61488411:A:G(1),2:61489289:G:C(1),2:61494260:C:A(1),2:61494895:C:T(1),2:61494901:A:G(1),2:61495469:G:C(1),2:61499588:C:A(1),2:61502238:C:A(1),2:61503404:C:T(1),2:61553466:C:T(1),2:61673706:G:A(1)",rs10178135,chr2:61764176,chr2,61537041,61537042,chr2:61537041,True,XPO1,Inter-TAD,Oncogene
15,1,15:40453075:G:A,40453075,1.79e-18,19,0,0,0,0,19,"15:40435944:G:A(1),15:40443476:T:C(1),15:40457431:A:C(1),15:40459797:C:T(1),15:40462780:G:A(1),15:40468094:T:C(1),15:40469714:A:G(1),15:40474396:C:G(1),15:40476842:T:A(1),15:40476871:G:A(1),15:40478937:C:T(1),15:40479549:G:A(1),15:40486255:T:A(1),15:40486666:G:A(1),15:40493492:A:G(1),15:40496391:T:C(1),15:40507243:T:G(1),15:40510056:T:C(1),15:40511182:G:A(1)",rs3759843,chr15:40453036,chr15,40160835,40160836,chr15:40160835,True,BUB1B,Mixed,TSG
2,1,2:178119204:A:C,178119204,1.09e-17,28,0,0,0,0,28,"2:178097666:C:T(1),2:178099612:C:G(1),2:178101235:T:C(1),2:178105996:G:C(1),2:178118152:C:T(1),2:178118990:A:G(1),2:178121005:C:T(1),2:178121112:T:C(1),2:178121524:C:A(1),2:178122727:G:A(1),2:178125142:A:G(1),2:178127040:A:C(1),2:178128693:A:C(1),2:178131134:T:C(1),2:178132367:A:T(1),2:178133165:G:A(1),2:178134677:G:A(1),2:178134772:G:A(1),2:178135097:T:C(1),2:178138860:G:A(1),2:178139308:A:G(1),2:178139508:G:A(1),2:178140936:T:C(1),2:178141426:T:C(1),2:178144298:C:T(1),2:178144813:T:G(1),2:178146362:C:G(1),2:178147543:A:C(1)",rs36030784,chr2:178128687,chr2,177263959,177263960,chr2:177263959,True,NFE2L2,Inter-TAD,TSG
16,1,16:74596183:T:A,74596183,1.33e-17,10,0,0,0,0,10,"16:74503258:G:C(1),16:74572572:T:C(1),16:74592596:A:T(1),16:74592808:C:G(1),16:74593120:T:A(1),16:74596189:G:A(1),16:74598125:C:T(1),16:74599053:T:C(1),16:74607843:C:T(1),16:74625065:C:A(1)",rs8052389,chr16:74700730,chr16,74666832,74666833,chr16:74666832,True,RFWD3,Active,TSG
10,1,10:104963051:G:C,104963051,1.95e-17,135,0,0,0,0,135,"10:104715993:T:C(1),10:104723015:C:A(1),10:104723022:C:T(1),10:104724200:G:A(1),10:104726673:A:G(1),10:104727224:A:C(1),10:104727279:A:G(1),10:104727333:C:T(1),10:104727541:G:A(1),10:104728164:C:T(1),10:104729816:G:C(1),10:104735366:A:G(1),10:104736345:G:T(1),10:104736563:G:A(1),10:104736699:T:C(1),10:104737729:T:C(1),10:104740568:C:A(1),10:104747994:G:A(1),10:104748007:C:G(1),10:104756030:A:T(1),10:104756182:C:T(1),10:104756636:G:A(1),10:104759586:A:G(1),10:104760485:T:C(1),10:104762535:T:C(1),10:104764661:C:A(1),10:104768922:A:G(1),10:104772984:T:G(1),10:104776475:G:A(1),10:104778267:C:G(1),10:104782557:T:C(1),10:104783833:T:C(1),10:104786313:G:A(1),10:104787019:C:A(1),10:104790999:T:C(1),10:104793235:G:A(1),10:104795409:C:T(1),10:104796345:T:C(1),10:104796787:A:C(1),10:104797423:A:C(1),10:104799668:G:A(1),10:104802071:T:C(1),10:104822431:C:G(1),10:104822809:G:C(1),10:104823909:A:T(1),10:104825132:C:T(1),10:104827198:C:G(1),10:104829898:C:T(1),10:104837816:G:A(1),10:104840433:C:T(1),10:104840635:T:C(1),10:104841587:T:C(1),10:104841977:C:T(1),10:104843148:C:T(1),10:104846797:C:T(1),10:104851285:G:A(1),10:104851396:G:T(1),10:104852166:T:G(1),10:104852648:G:A(1),10:104860053:T:A(1),10:104863843:T:G(1),10:104866062:C:T(1),10:104869451:C:T(1),10:104870218:G:A(1),10:104872684:A:G(1),10:104877035:T:C(1),10:104878010:A:C(1),10:104879049:C:T(1),10:104879402:G:C(1),10:104879847:C:A(1),10:104881035:T:C(1),10:104881402:T:C(1),10:104881750:A:G(1),10:104883650:A:G(1),10:104883812:C:T(1),10:104885330:A:G(1),10:104886533:G:T(1),10:104891198:T:C(1),10:104893137:A:G(1),10:104895536:T:C(1),10:104896078:T:A(1),10:104896816:T:C(1),10:104902165:A:G(1),10:104902337:A:T(1),10:104903638:A:G(1),10:104905529:G:A(1),10:104905604:T:C(1),10:104909339:T:G(1),10:104911356:A:G(1),10:104913870:C:T(1),10:104914491:A:T(1),10:104915310:G:A(1),10:104916980:T:C(1),10:104920232:A:G(1),10:104920341:A:G(1),10:104922039:A:G(1),10:104923595:G:A(1),10:104925829:A:C(1),10:104926334:T:C(1),10:104926933:T:C(1),10:104927634:A:G(1),10:104929124:A:G(1),10:104929191:C:T(1),10:104930382:T:C(1),10:104931051:C:T(1),10:104933449:C:T(1),10:104933921:C:T(1),10:104935593:G:C(1),10:104937100:G:C(1),10:104939182:G:A(1),10:104939283:A:G(1),10:104941589:C:T(1),10:104943342:A:G(1),10:104943986:T:A(1),10:104944744:C:G(1),10:104945028:C:A(1),10:104945213:A:G(1),10:104945463:G:A(1),10:104945751:C:T(1),10:104947493:C:G(1),10:104948712:T:C(1),10:104949116:G:A(1),10:104949709:G:A(1),10:104950197:C:T(1),10:104954219:C:T(1),10:104954795:G:A(1),10:104956218:C:A(1),10:104956827:A:G(1),10:104957594:G:C(1),10:104958066:C:A(1),10:104958284:C:T(1),10:104959852:C:A(1),10:104960549:G:A(1),10:104961119:A:G(1),10:104961477:A:G(1)",rs4917999,chr10:104952993,chr10,103193236,103193237,chr10:103193236,True,NT5C2,Inter-TAD,Oncogene
19,1,19:30322427:G:A,30322427,4.96e-17,10,0,0,0,0,10,"19:30287967:G:C(1),19:30290349:G:A(1),19:30293066:C:T(1),19:30310302:G:A(1),19:30319261:G:A(1),19:30319896:G:C(1),19:30320745:A:G(1),19:30325256:C:T(1),19:30328422:C:T(1),19:30328941:G:A(1)",rs918586,chr19:30303651,chr19,29812744,29812745,chr19:29812744,True,CCNE1,Inter-TAD,Oncogene
16,1,16:68814826:G:A,68814826,6.7e-17,123,0,0,0,0,123,"16:68710737:T:G(1),16:68713385:C:G(1),16:68719430:C:T(1),16:68719607:C:T(1),16:68722096:C:T(1),16:68722377:G:A(1),16:68732049:A:C(1),16:68732977:G:A(1),16:68733646:G:C(1),16:68733665:A:G(1),16:68734855:G:A(1),16:68735835:G:A(1),16:68736292:C:T(1),16:68737512:C:T(1),16:68739125:G:A(1),16:68739851:C:G(1),16:68740097:T:C(1),16:68741769:C:T(1),16:68743939:A:C(1),16:68744532:A:G(1),16:68747001:G:A(1),16:68748027:G:A(1),16:68748223:A:G(1),16:68749529:G:A(1),16:68750190:G:A(1),16:68750331:C:T(1),16:68751904:A:G(1),16:68752878:C:A(1),16:68754730:C:T(1),16:68755165:C:T(1),16:68755635:T:A(1),16:68757572:G:A(1),16:68758828:G:C(1),16:68762520:A:G(1),16:68763961:C:A(1),16:68767912:C:T(1),16:68770288:C:A(1),16:68771034:C:A(1),16:68776246:G:A(1),16:68778457:C:T(1),16:68780069:G:A(1),16:68788909:G:T(1),16:68789445:G:A(1),16:68790502:C:T(1),16:68791231:A:G(1),16:68791306:C:G(1),16:68791644:C:G(1),16:68796746:A:G(1),16:68797893:C:T(1),16:68798682:A:G(1),16:68799944:T:C(1),16:68800035:G:C(1),16:68800452:T:C(1),16:68800756:G:A(1),16:68800838:T:C(1),16:68800849:C:T(1),16:68802038:A:G(1),16:68802068:C:T(1),16:68802072:G:C(1),16:68802096:G:A(1),16:68802516:T:G(1),16:68803726:T:G(1),16:68803844:A:G(1),16:68804068:G:A(1),16:68804317:A:G(1),16:68804342:T:C(1),16:68806508:C:A(1),16:68806539:G:T(1),16:68806778:C:T(1),16:68807087:T:C(1),16:68807088:G:A(1),16:68807828:A:G(1),16:68808283:C:T(1),16:68809207:C:T(1),16:68809273:T:C(1),16:68809278:A:C(1),16:68809640:T:A(1),16:68810923:T:C(1),16:68811737:C:T(1),16:68812301:A:T(1),16:68813629:A:G(1),16:68814204:T:C(1),16:68814316:C:T(1),16:68814502:A:G(1),16:68814590:T:C(1),16:68814948:T:A(1),16:68815000:C:T(1),16:68815838:T:A(1),16:68816260:G:C(1),16:68817439:C:T(1),16:68818245:T:G(1),16:68818390:C:T(1),16:68818903:T:C(1),16:68819007:C:T(1),16:68819207:C:G(1),16:68819444:G:A(1),16:68819614:C:T(1),16:68820718:A:G(1),16:68820946:G:A(1),16:68821126:C:T(1),16:68821271:G:C(1),16:68821890:C:G(1),16:68822341:C:G(1),16:68822599:G:A(1),16:68822854:T:G(1),16:68822971:A:G(1),16:68823124:C:G(1),16:68823199:T:C(1),16:68824148:T:G(1),16:68824220:A:C(1),16:68824492:C:T(1),16:68826109:G:C(1),16:68827620:C:T(1),16:68827785:G:A(1),16:68828173:G:A(1),16:68828250:T:G(1),16:68828885:G:A(1),16:68829021:C:T(1),16:68830511:A:T(1),16:68832750:A:G(1),16:68832943:C:T(1),16:68834107:C:T(1),16:68834156:C:G(1)",rs12597188,chr16:68771059,chr16,68737156,68737157,chr16:68737156,True,CDH1,Inter-TAD,TSG
16,1,16:74556058:G:C,74556058,7.43e-17,25,0,0,0,0,25,"16:74465315:G:A(1),16:74467307:C:T(1),16:74471786:G:A(1),16:74473049:G:A(1),16:74475151:G:C(1),16:74476789:C:T(1),16:74480569:T:C(1),16:74499589:G:A(1),16:74503031:G:T(1),16:74504985:A:T(1),16:74535906:A:C(1),16:74536300:A:G(1),16:74541967:G:A(1),16:74562172:T:C(1),16:74567075:C:G(1),16:74583476:G:A(1),16:74637636:G:A(1),16:74640386:G:T(1),16:74644060:T:C(1),16:74649575:G:A(1),16:74651619:C:T(1),16:74668565:G:T(1),16:74668721:G:A(1),16:74674720:C:T(1),16:74679713:C:G(1)",rs7188197,chr16:74700730,chr16,74666832,74666833,chr16:74666832,True,RFWD3,Active,TSG
16,1,16:74478746:C:T,74478746,2.32e-16,7,0,0,0,0,7,"16:74470825:T:C(1),16:74473826:C:T(1),16:74475018:C:G(1),16:74475190:A:G(1),16:74475491:A:G(1),16:74479071:A:G(1),16:74479694:C:T(1)",rs141188065,chr16:74700730,chr16,74666832,74666833,chr16:74666832,True,RFWD3,Boundary-Active,TSG
10,1,10:104711940:G:A,104711940,2.43e-16,11,0,0,0,0,11,"10:104671212:A:C(1),10:104672233:A:G(1),10:104677887:A:C(1),10:104685493:G:C(1),10:104691732:A:T(1),10:104694286:C:T(1),10:104696379:T:C(1),10:104697929:G:A(1),10:104701187:A:G(1),10:104702999:C:A(1),10:104706520:G:A(1)",rs9733635,chr10:104952993,chr10,103193236,103193237,chr10:103193236,True,NT5C2,Inactive,Oncogene
10,1,10:104740210:G:A,104740210,4.58e-16,0,0,0,0,0,0,NONE,rs7902218,chr10:104952993,chr10,103193236,103193237,chr10:103193236,True,NT5C2,Inactive,Oncogene
10,1,10:104741114:A:C,104741114,8.73e-16,0,0,0,0,0,0,NONE,rs12260436,chr10:104952993,chr10,103193236,103193237,chr10:103193236,True,NT5C2,Inactive,Oncogene
15,1,15:91443059:T:C,91443059,2.59e-15,3,0,0,0,0,3,"15:91441086:C:T(1),15:91441207:C:T(1),15:91442152:T:A(1)",rs10744971,chr15:91428056,chr15,90884826,90884827,chr15:90884826,True,FES,Active,TSG
10,1,10:104928770:T:A,104928770,3.64e-15,0,0,0,0,0,0,NONE,rs35195396,chr10:104952993,chr10,103193236,103193237,chr10:103193236,True,NT5C2,Neither,Oncogene
10,1,10:104670832:C:A,104670832,5.76e-15,18,0,0,0,0,18,"10:104612335:T:A(1),10:104613355:A:G(1),10:104613361:A:G(1),10:104618524:G:A(1),10:104618695:A:G(1),10:104619448:A:G(1),10:104620735:G:C(1),10:104621068:A:G(1),10:104625178:T:C(1),10:104625237:A:G(1),10:104625886:G:A(1),10:104628873:A:G(1),10:104629465:T:G(1),10:104633114:G:T(1),10:104635344:G:C(1),10:104635595:A:G(1),10:104640052:G:A(1),10:104866863:C:T(1)",rs28606370,chr10:104952993,chr10,103193236,103193237,chr10:103193236,True,NT5C2,Boundary-Inactive,Oncogene
10,1,10:104780564:T:C,104780564,8.41e-15,0,0,0,0,0,0,NONE,rs78193706,chr10:104952993,chr10,103193236,103193237,chr10:103193236,True,NT5C2,Inactive,Oncogene
13,1,13:103498375:T:C,103498375,9.06e-15,16,0,0,0,0,16,"13:103465803:C:G(1),13:103467260:C:T(1),13:103473070:A:G(1),13:103474690:T:C(1),13:103475496:T:G(1),13:103476513:A:G(1),13:103477213:G:T(1),13:103482624:C:T(1),13:103484107:C:T(1),13:103487997:C:T(1),13:103493825:C:G(1),13:103501043:C:T(1),13:103515992:C:T(1),13:103521628:G:T(1),13:103523312:C:T(1),13:103535828:T:A(1)",rs2296147,chr13:103498411,chr13,102846061,102846062,chr13:102846061,True,ERCC5,Boundary-Active,TSG
16,1,16:74463883:T:C,74463883,1.22e-14,11,0,0,0,0,11,"16:74466582:G:A(1),16:74475411:A:G(1),16:74551554:C:T(1),16:74558042:G:C(1),16:74582338:T:C(1),16:74591521:C:A(1),16:74612375:A:T(1),16:74639761:G:T(1),16:74650866:T:C(1),16:74679316:C:T(1),16:74697019:G:C(1)",rs8050444,chr16:74700730,chr16,74666832,74666833,chr16:74666832,True,RFWD3,Neither,TSG
2,1,2:61656273:A:T,61656273,1.23e-14,6,0,0,0,0,6,"2:61552484:A:T(1),2:61601163:C:T(1),2:61606566:A:C(1),2:61622251:C:T(1),2:61657003:C:T(1),2:61730787:C:A(1)",rs2053750,chr2:61764176,chr2,61537041,61537042,chr2:61537041,True,XPO1,Inter-TAD,Oncogene
10,1,10:104566417:G:A,104566417,7.43e-14,31,0,0,0,0,31,"10:104544753:C:A(1),10:104544836:G:A(1),10:104545274:T:C(1),10:104546467:T:C(1),10:104547628:A:C(1),10:104548382:C:A(1),10:104548739:T:C(1),10:104549066:G:A(1),10:104549224:A:C(1),10:104549461:A:G(1),10:104549649:A:G(1),10:104550538:G:A(1),10:104550937:A:T(1),10:104550985:A:G(1),10:104551567:G:A(1),10:104551981:A:G(1),10:104552594:C:T(1),10:104552865:G:A(1),10:104554304:A:G(1),10:104554363:G:C(1),10:104555651:T:C(1),10:104558274:A:C(1),10:104558743:C:T(1),10:104559266:A:G(1),10:104559477:T:C(1),10:104559764:G:A(1),10:104561456:A:G(1),10:104562097:A:G(1),10:104563517:T:C(1),10:104566241:C:G(1),10:104568480:A:G(1)",rs7896903,chr10:104952993,chr10,103193236,103193237,chr10:103193236,True,NT5C2,Inter-TAD,Oncogene
2,1,2:47736061:C:G,47736061,1.73e-13,9,0,0,0,0,9,"2:47703241:A:G(1),2:47734800:C:T(1),2:47737398:C:G(1),2:47741016:G:C(1),2:47743427:G:A(1),2:47745301:G:A(1),2:47746507:C:G(1),2:47753460:C:G(1),2:47754445:T:C(1)",rs13009248,chr2:47630224,chr2,47403085,47403086,chr2:47403085,True,MSH2,Mixed,TSG
19,1,19:30286245:A:G,30286245,1.91e-13,11,0,0,0,0,11,"19:30266706:G:A(1),19:30285548:C:T(1),19:30286822:T:C(1),19:30288177:G:A(1),19:30288488:C:T(1),19:30288545:T:C(1),19:30289630:G:A(1),19:30289779:C:T(1),19:30313576:C:T(1),19:30313603:C:G(1),19:30314666:C:T(1)",rs12151208,chr19:30303651,chr19,29812744,29812745,chr19:29812744,True,CCNE1,Inter-TAD,Oncogene
1,1,1:15817090:C:T,15817090,3.15e-13,65,0,0,0,0,65,"1:15808198:C:T(1),1:15808289:C:T(1),1:15808702:C:T(1),1:15808767:G:A(1),1:15808872:G:A(1),1:15809036:G:A(1),1:15809876:G:A(1),1:15810252:G:A(1),1:15810688:C:T(1),1:15811346:C:T(1),1:15811692:C:T(1),1:15815579:G:A(1),1:15815922:G:A(1),1:15817334:G:A(1),1:15820041:C:T(1),1:15822073:A:G(1),1:15823889:C:T(1),1:15825195:T:C(1),1:15828704:T:C(1),1:15829187:G:A(1),1:15829916:G:A(1),1:15832281:C:T(1),1:15835234:G:A(1),1:15835414:C:G(1),1:15835472:C:T(1),1:15842329:C:T(1),1:15842842:C:T(1),1:15845197:G:C(1),1:15847074:G:A(1),1:15847913:T:G(1),1:15849700:T:A(1),1:15849855:G:T(1),1:15850097:G:A(1),1:15850343:A:G(1),1:15853276:T:C(1),1:15853551:C:T(1),1:15853628:C:T(1),1:15854882:T:G(1),1:15855123:G:C(1),1:15861287:C:T(1),1:15864679:C:T(1),1:15865418:G:A(1),1:15868692:A:G(1),1:15869284:G:A(1),1:15869899:A:G(1),1:15873386:A:G(1),1:15874961:T:A(1),1:15876578:A:G(1),1:15876758:C:T(1),1:15881237:T:G(1),1:15894959:T:C(1),1:15897020:C:T(1),1:15908242:C:T(1),1:15909480:G:C(1),1:15911349:G:A(1),1:15911730:T:G(1),1:15911947:G:T(1),1:15912987:G:T(1),1:15913261:A:T(1),1:15914012:G:A(1),1:15914078:A:G(1),1:15914545:C:T(1),1:15914648:G:A(1),1:15993603:G:A(1),1:16028817:G:A(1)",rs12045879,chr1:15850916,chr1,15524421,15524422,chr1:15524421,True,CASP9,Neither,TSG
1,1,1:15914135:A:G,15914135,5.29e-13,0,0,0,0,0,0,NONE,rs6679323,chr1:15850916,chr1,15524421,15524422,chr1:15524421,True,CASP9,Active,TSG
22,1,22:24146560:T:C,24146560,6.05e-13,23,0,0,0,0,23,"22:24133368:G:C(1),22:24140348:G:A(1),22:24141844:C:T(1),22:24142330:A:T(1),22:24142523:C:T(1),22:24142738:A:C(1),22:24143502:G:C(1),22:24145395:G:A(1),22:24145675:C:G(1),22:24146800:A:G(1),22:24148689:T:C(1),22:24149768:A:T(1),22:24151979:G:A(1),22:24156028:A:T(1),22:24157410:T:G(1),22:24158709:G:A(1),22:24161964:T:G(1),22:24164509:G:A(1),22:24168209:G:A(1),22:24171028:C:T(1),22:24173141:C:A(1),22:24175135:T:C(1),22:24178590:G:C(1)",rs5760033,chr22:24129020,chr22,23786833,23786834,chr22:23786833,True,SMARCB1,Inter-TAD,TSG
16,1,16:74613781:T:C,74613781,6.26e-13,11,0,0,0,0,11,"16:74468030:G:C(1),16:74476939:C:G(1),16:74477517:G:C(1),16:74508702:T:C(1),16:74525719:A:G(1),16:74534034:T:C(1),16:74545959:T:C(1),16:74547696:T:G(1),16:74565232:T:C(1),16:74602756:A:G(1),16:74611127:T:C(1)",rs62051918,chr16:74700730,chr16,74666832,74666833,chr16:74666832,True,RFWD3,Active,TSG
16,1,16:74634128:T:C,74634128,1.78e-12,3,0,0,0,0,3,"16:74609824:C:G(1),16:74612836:G:T(1),16:74620877:G:A(1)",rs55700094,chr16:74700730,chr16,74666832,74666833,chr16:74666832,True,RFWD3,Active,TSG
16,1,16:74333380:T:C,74333380,2.08e-12,5,0,0,0,0,5,"16:74279778:G:C(1),16:74280696:T:C(1),16:74286577:G:A(1),16:74360410:G:C(1),16:74381324:C:A(1)",rs889641,chr16:74700730,chr16,74666832,74666833,chr16:74666832,True,RFWD3,Inter-TAD,TSG
20,1,20:50392521:A:G,50392521,2.55e-12,4,0,0,0,0,4,"20:50392621:T:G(1),20:50393167:T:C(1),20:50400679:A:T(1),20:50423936:A:T(1)",rs77771672,chr20:50419274,chr20,51802735,51802736,chr20:51802735,True,SALL4,Inter-TAD,Oncogene
16,1,16:74548007:G:A,74548007,2.83e-12,0,0,0,0,0,0,NONE,rs6564132,chr16:74700730,chr16,74666832,74666833,chr16:74666832,True,RFWD3,Active,TSG
10,1,10:88641501:A:T,88641501,3.82e-12,9,0,0,0,0,9,"10:88617752:T:C(1),10:88618047:G:A(1),10:88631628:T:A(1),10:88635779:C:A(1),10:88644231:T:C(1),10:88648672:G:A(1),10:88660199:G:A(1),10:88675279:T:C(1),10:88683122:T:C(1)",rs7922846,chr10:88516091,chr10,86756334,86756335,chr10:86756334,True,BMPR1A,Active,TSG
16,1,16:74604841:G:A,74604841,4.1e-12,2,0,0,0,0,2,"16:74504005:C:T(1),16:74588206:C:T(1)",rs3935784,chr16:74700937,chr16,74667039,74667040,chr16:74667039,True,RFWD3,Active,TSG
14,1,14:81416170:A:G,81416170,8.17e-12,11,0,0,0,0,11,"14:81405743:A:G(1),14:81418088:T:C(1),14:81420487:G:A(1),14:81420604:A:C(1),14:81427552:T:C(1),14:81429871:G:T(1),14:81445245:G:A(1),14:81446306:C:T(1),14:81447745:T:C(1),14:81448782:T:C(1),14:81449577:T:G(1)",rs12586161,chr14:81421763,chr14,80955419,80955420,chr14:80955419,True,TSHR,Inter-TAD,Oncogene
20,1,20:50431113:C:T,50431113,9.05e-12,0,0,0,0,0,0,NONE,rs73273528,chr20:50419274,chr20,51802735,51802736,chr20:51802735,True,SALL4,Inter-TAD,Oncogene
2,1,2:61437487:T:C,61437487,1.38e-11,1,0,0,0,0,1,2:61457996:A:C(1),rs12998475,chr2:61764176,chr2,61537041,61537042,chr2:61537041,True,XPO1,Inter-TAD,Oncogene
16,1,16:74333289:T:G,74333289,3.6e-11,6,0,0,0,0,6,"16:74218963:T:C(1),16:74233216:G:A(1),16:74238621:G:A(1),16:74247526:C:T(1),16:74278442:T:A(1),16:74360311:T:C(1)",rs55700724,chr16:74700730,chr16,74666832,74666833,chr16:74666832,True,RFWD3,Inter-TAD,TSG
3,1,3:189346815:C:G,189346815,3.61e-11,0,0,0,0,0,0,NONE,rs6800124,chr3:189348936,chr3,189631147,189631148,chr3:189631147,True,TP63,Inter-TAD,TSG
10,1,10:105055912:A:G,105055912,1.8e-10,15,0,0,0,0,15,"10:104973061:G:A(1),10:104995788:C:T(1),10:105003721:G:T(1),10:105013870:G:T(1),10:105022934:T:C(1),10:105046007:G:A(1),10:105046689:G:C(1),10:105054963:C:T(1),10:105073070:C:T(1),10:105075712:C:T(1),10:105098024:G:A(1),10:105102965:G:A(1),10:105125451:C:A(1),10:105128898:G:A(1),10:105180910:C:T(1)",rs11191642,chr10:104952993,chr10,103193236,103193237,chr10:103193236,True,NT5C2,Inter-TAD,Oncogene
10,1,10:104509064:G:T,104509064,2.39e-10,4,0,0,0,0,4,"10:104487871:C:T(1),10:104500659:C:T(1),10:104503584:C:T(1),10:104526951:C:A(1)",rs67506723,chr10:104952993,chr10,103193236,103193237,chr10:103193236,True,NT5C2,Inter-TAD,Oncogene
6,1,6:156669828:A:T,156669828,2.71e-10,0,0,0,0,0,0,NONE,rs6915200,chr6:157098562,chr6,156777428,156777429,chr6:156777428,True,ARID1B,Inter-TAD,TSG
16,1,16:89850415:C:G,89850415,1.63e-09,3,0,0,0,0,3,"16:89851033:C:T(1),16:89871344:T:C(1),16:89913008:G:A(1)",rs17232658,chr16:89883248,chr16,89816840,89816841,chr16:89816840,True,FANCA,Active,TSG
4,1,4:106067592:G:T,106067592,2.2e-09,0,0,0,0,0,0,NONE,rs75973876,chr4:106067570,chr4,105146413,105146414,chr4:105146413,True,TET2,Inter-TAD,TSG
16,1,16:74552127:C:T,74552127,2.52e-09,0,0,0,0,0,0,NONE,rs8046036,chr16:74700937,chr16,74667039,74667040,chr16:74667039,True,RFWD3,Active,TSG
16,1,16:90115731:A:G,90115731,2.7e-09,8,0,0,0,0,8,"16:90128224:G:C(1),16:90137134:C:T(1),16:90137660:G:C(1),16:90138844:C:G(1),16:90139772:T:A(1),16:90142087:A:G(1),16:90143727:T:C(1),16:90144305:C:G(1)",rs11639655,chr16:89883248,chr16,89816840,89816841,chr16:89816840,True,FANCA,Neither,TSG
16,1,16:74371543:C:G,74371543,3.77e-09,3,0,0,0,0,3,"16:74267697:T:A(1),16:74312958:C:G(1),16:74350231:G:A(1)",rs72791060,chr16:74700730,chr16,74666832,74666833,chr16:74666832,True,RFWD3,Inter-TAD,TSG
13,1,13:103500384:G:C,103500384,1.09e-08,23,0,0,0,0,23,"13:103499640:C:T(1),13:103499700:G:A(1),13:103500087:G:C(1),13:103500800:T:G(1),13:103501218:C:T(1),13:103501256:A:T(1),13:103503022:G:A(1),13:103503791:C:T(1),13:103504062:A:G(1),13:103504517:C:T(1),13:103507111:T:C(1),13:103507229:A:T(1),13:103508018:T:C(1),13:103508930:T:C(1),13:103509179:T:A(1),13:103510896:T:C(1),13:103511301:C:T(1),13:103511428:G:A(1),13:103512278:C:T(1),13:103512504:C:T(1),13:103521114:C:T(1),13:103521675:A:G(1),13:103524762:T:C(1)",rs9518854,chr13:103498411,chr13,102846061,102846062,chr13:102846061,True,ERCC5,Boundary-Active,TSG
2,1,2:61888702:C:T,61888702,1.58e-08,0,0,0,0,0,0,NONE,rs4671408,chr2:61764176,chr2,61537041,61537042,chr2:61537041,True,XPO1,Inter-TAD,Oncogene
16,1,16:89818340:G:C,89818340,3.49e-08,0,0,0,0,0,0,NONE,rs3743861,chr16:89883248,chr16,89816840,89816841,chr16:89816840,True,FANCA,Active,TSG
12,1,12:57298771:G:C,57298771,4.35e-08,2,0,0,0,0,2,"12:57364999:C:T(1),12:57468718:A:G(1)",rs141275372,chr12:56473753,chr12,56079969,56079970,chr12:56079969,True,ERBB3,Inactive,Oncogene
13,1,13:91463947:G:C,91463947,4.61e-08,0,0,0,0,0,0,NONE,rs16944804,chr13:92050776,chr13,91398522,91398523,chr13:91398522,True,GPC5,Inter-TAD,TSG
16,1,16:74723707:G:A,74723707,5.19e-08,2,0,0,0,0,2,"16:74724299:G:C(1),16:74724588:G:A(1)",rs4265826,chr16:74700937,chr16,74667039,74667040,chr16:74667039,True,RFWD3,Neither,TSG
16,1,16:74714604:C:T,74714604,6.34e-08,4,0,0,0,0,4,"16:74675119:G:A(1),16:74682781:C:T(1),16:74714649:C:T(1),16:74715714:A:G(1)",rs111997223,chr16:74700937,chr16,74667039,74667040,chr16:74667039,True,RFWD3,Boundary-Active,TSG
12,1,12:95966015:A:C,95966015,8.41e-08,30,0,0,0,0,30,"12:95949327:C:T(1),12:95949695:T:A(1),12:95953772:T:C(1),12:95953982:C:T(1),12:95954050:G:A(1),12:95954066:T:C(1),12:95954129:T:G(1),12:95954382:T:G(1),12:95954438:C:A(1),12:95954512:T:C(1),12:95954534:C:T(1),12:95955243:C:T(1),12:95955250:C:T(1),12:95955888:G:A(1),12:95956289:G:A(1),12:95956810:C:T(1),12:95956813:T:C(1),12:95957257:C:G(1),12:95957429:C:T(1),12:95957475:T:C(1),12:95957849:A:G(1),12:95957957:C:T(1),12:95958711:A:G(1),12:95959497:A:G(1),12:95960977:G:A(1),12:95961180:G:A(1),12:95962808:A:G(1),12:95965127:G:T(1),12:95965690:T:C(1),12:95965797:T:A(1)",rs10859903,chr12:95941920,chr12,95548144,95548145,chr12:95548144,True,USP44,Boundary-Inactive,TSG
16,1,16:74180094:C:G,74180094,1.38e-07,0,0,0,0,0,0,NONE,rs200274,chr16:74700937,chr16,74667039,74667040,chr16:74667039,True,RFWD3,Inter-TAD,TSG
22,1,22:30509399:T:C,30509399,1.78e-07,11,0,0,0,0,11,"22:30474451:C:T(1),22:30482940:C:T(1),22:30517325:G:A(1),22:30524868:A:G(1),22:30534161:G:A(1),22:30538398:T:C(1),22:30541670:G:A(1),22:30557939:G:T(1),22:30558499:A:G(1),22:30563301:C:T(1),22:30597135:C:T(1)",rs5763782,chr22:29999516,chr22,29603527,29603528,chr22:29603527,True,NF2,Boundary-Inactive,TSG
11,1,11:128115740:T:C,128115740,1.96e-07,1,0,0,0,0,1,11:128052084:T:C(1),rs7112731,chr11:128761211,chr11,128891316,128891317,chr11:128891316,True,KCNJ5,Inter-TAD,Oncogene
1,1,1:18247811:G:T,18247811,2.15e-07,14,0,0,0,0,14,"1:18217210:C:G(1),1:18219856:C:T(1),1:18226140:C:T(1),1:18227472:A:G(1),1:18234111:C:T(1),1:18234691:C:T(1),1:18238995:G:A(1),1:18242304:C:T(1),1:18242866:A:G(1),1:18244086:T:G(1),1:18245540:C:T(1),1:18247287:T:C(1),1:18253971:C:T(1),1:18257264:G:C(1)",rs7554885,chr1:17380646,chr1,17054151,17054152,chr1:17054151,True,SDHB,Inter-TAD,TSG
3,1,3:70069621:T:A,70069621,2.21e-07,0,0,0,0,0,0,NONE,rs13080062,chr3:69812820,chr3,69763669,69763670,chr3:69763669,True,MITF,Inter-TAD,Oncogene
20,1,20:57375308:C:T,57375308,2.34e-07,3,0,0,0,0,3,"20:57372192:T:C(1),20:57372702:G:A(1),20:57374648:G:A(1)",rs2145477,chr20:57463763,chr20,58888708,58888709,chr20:58888708,True,GNAS,Inter-TAD,Oncogene
12,1,12:95954955:G:A,95954955,2.59e-07,25,0,0,0,0,25,"12:95944633:C:T(1),12:95946139:A:C(1),12:95948094:G:A(1),12:95950003:T:A(1),12:95950130:G:T(1),12:95950626:C:T(1),12:95951122:T:C(1),12:95952728:T:C(1),12:95952730:G:T(1),12:95953053:T:C(1),12:95953238:G:A(1),12:95953639:T:C(1),12:95953692:T:A(1),12:95953758:T:C(1),12:95957901:C:T(1),12:95957940:A:G(1),12:95957954:G:T(1),12:95960102:T:C(1),12:95960710:C:T(1),12:95961100:G:A(1),12:95961160:A:G(1),12:95962097:C:T(1),12:95963616:A:G(1),12:95963707:A:G(1),12:95964514:C:T(1)",rs11108111,chr12:95945366,chr12,95551590,95551591,chr12:95551590,True,USP44,Boundary-Inactive,TSG
16,1,16:74690631:T:C,74690631,2.85e-07,21,0,0,0,0,21,"16:74524112:C:T(1),16:74527852:C:T(1),16:74529974:C:A(1),16:74580055:C:T(1),16:74592132:C:G(1),16:74599322:G:A(1),16:74627584:C:T(1),16:74629412:G:A(1),16:74630216:C:T(1),16:74630844:A:T(1),16:74638159:T:C(1),16:74638512:A:G(1),16:74648157:G:A(1),16:74651716:G:A(1),16:74651793:C:T(1),16:74655150:G:C(1),16:74667779:C:T(1),16:74680692:C:G(1),16:74687049:T:G(1),16:74687602:T:C(1),16:74700240:C:A(1)",rs8061670,chr16:74700730,chr16,74666832,74666833,chr16:74666832,True,RFWD3,Boundary-Active,TSG
12,1,12:13043119:T:C,13043119,2.88e-07,0,0,0,0,0,0,NONE,rs10845664,chr12:12870121,chr12,12717187,12717188,chr12:12717187,True,CDKN1B,Inter-TAD,TSG
4,1,4:106074826:G:T,106074826,3.29e-07,5,0,0,0,0,5,"4:106097339:C:T(1),4:106105299:G:A(1),4:106108032:C:G(1),4:106109381:G:A(1),4:106199505:A:T(1)",rs6533181,chr4:106067052,chr4,105145895,105145896,chr4:105145895,True,TET2,Inter-TAD,TSG
2,1,2:209295636:C:T,209295636,3.33e-07,3,0,0,0,0,3,"2:209293764:T:C(1),2:209297340:C:T(1),2:209317793:A:G(1)",rs12614048,chr2:209120237,chr2,208255513,208255514,chr2:208255513,True,IDH1,Inter-TAD,Oncogene
19,1,19:45825626:A:T,45825626,3.38e-07,0,0,0,0,0,0,NONE,rs344816,chr19:45873902,chr19,45370644,45370645,chr19:45370644,True,ERCC2,Inter-TAD,TSG
19,1,19:30602910:T:C,30602910,3.6e-07,0,0,0,0,0,0,NONE,rs414271,chr19:30303495,chr19,29812588,29812589,chr19:29812588,True,CCNE1,Inter-TAD,Oncogene
2,1,2:26105585:G:C,26105585,4.03e-07,40,0,0,0,0,40,"2:25943374:A:G(1),2:25952796:T:C(1),2:25959477:C:T(1),2:25968196:G:C(1),2:25969050:T:C(1),2:25973309:C:T(1),2:25986729:C:A(1),2:25992894:C:G(1),2:25997020:T:C(1),2:25997569:G:A(1),2:25997821:C:T(1),2:26001427:T:C(1),2:26003068:C:T(1),2:26003850:A:G(1),2:26004120:T:C(1),2:26007959:G:T(1),2:26010303:G:A(1),2:26011810:A:G(1),2:26020876:T:G(1),2:26024450:T:A(1),2:26026986:C:T(1),2:26030339:A:G(1),2:26030368:C:T(1),2:26042515:A:C(1),2:26046845:T:C(1),2:26053166:G:A(1),2:26053576:T:C(1),2:26055668:C:T(1),2:26065592:G:T(1),2:26068509:C:T(1),2:26077722:C:A(1),2:26078997:G:C(1),2:26081556:T:C(1),2:26081786:A:G(1),2:26090249:T:C(1),2:26095840:A:C(1),2:26098259:A:C(1),2:26104638:G:T(1),2:26105365:G:C(1),2:26105862:G:T(1)",rs6546575,chr2:26045287,chr2,25822418,25822419,chr2:25822418,True,ASXL2,Inter-TAD,TSG
2,1,2:214056540:C:T,214056540,4.23e-07,3,0,0,0,0,3,"2:214045537:A:G(1),2:214056990:A:G(1),2:214063184:A:T(1)",rs73070668,chr2:213403212,chr2,212538488,212538489,chr2:212538488,True,ERBB4,Inter-TAD,TSG
16,1,16:74526649:G:A,74526649,4.61e-07,2,0,0,0,0,2,"16:74503078:T:C(1),16:74550387:G:C(1)",rs139087209,chr16:74701421,chr16,74667523,74667524,chr16:74667523,True,RFWD3,Active,TSG
15,1,15:67447895:A:G,67447895,6.29e-07,1,0,0,0,0,1,15:67441256:G:T(1),rs12441344,chr15:67439567,chr15,67147229,67147230,chr15:67147229,True,SMAD3,Inter-TAD,TSG
3,1,3:30850476:C:T,30850476,7.32e-07,0,0,0,0,0,0,NONE,rs7647613,chr3:30647988,chr3,30606496,30606497,chr3:30606496,True,TGFBR2,Inter-TAD,TSG
20,1,20:58315732:T:C,58315732,7.43e-07,3,0,0,0,0,3,"20:58316191:C:T(1),20:58316486:T:A(1),20:58317906:C:T(1)",rs6027068,chr20:57463355,chr20,58888300,58888301,chr20:58888300,True,GNAS,Inter-TAD,Oncogene
2,1,2:61813308:T:A,61813308,7.97e-07,2,0,0,0,0,2,"2:61763207:C:T(1),2:61818605:C:A(1)",rs2592357,chr2:61764176,chr2,61537041,61537042,chr2:61537041,True,XPO1,Inter-TAD,Oncogene
2,1,2:159402671:G:A,159402671,8.48e-07,11,0,0,0,0,11,"2:159366569:T:C(1),2:159373089:T:C(1),2:159377037:G:A(1),2:159378314:G:A(1),2:159386215:T:G(1),2:159388726:T:G(1),2:159388862:T:G(1),2:159394162:G:A(1),2:159418669:G:A(1),2:159423033:A:G(1),2:159455212:C:T(1)",rs60755967,chr2:158731577,chr2,157875065,157875066,chr2:157875065,True,ACVR1,Inter-TAD,Oncogene
3,1,3:14558157:G:C,14558157,9.23e-07,1,0,0,0,0,1,3:14555439:C:T(1),rs17039724,chr3:13590432,chr3,13548932,13548933,chr3:13548932,True,FBLN2,Inter-TAD,TSG
19,1,19:45923653:A:G,45923653,1.07e-06,3,0,0,0,0,3,"19:45930779:G:A(1),19:45931221:G:A(1),19:45935007:T:C(1)",rs11615,chr19:45873902,chr19,45370644,45370645,chr19:45370644,True,ERCC2,Inter-TAD,TSG
16,1,16:90038786:A:C,90038786,1.09e-06,6,0,0,0,0,6,"16:90033438:A:G(1),16:90035945:T:C(1),16:90036122:G:C(1),16:90047769:A:G(1),16:90047786:A:C(1),16:90049307:T:C(1)",rs4424910,chr16:89883248,chr16,89816840,89816841,chr16:89816840,True,FANCA,Neither,TSG
8,1,8:41976334:G:C,41976334,1.11e-06,0,0,0,0,0,0,NONE,rs11990734,chr8:42128500,chr8,42270982,42270983,chr8:42270982,True,IKBKB,Mixed,Oncogene
11,1,11:23034213:C:T,23034213,1.41e-06,6,0,0,0,0,6,"11:23027429:A:G(1),11:23027431:T:G(1),11:23027476:A:G(1),11:23033872:C:A(1),11:23038698:C:T(1),11:23038771:A:G(1)",rs2433478,chr11:22647648,chr11,22626102,22626103,chr11:22626102,True,FANCF,Inter-TAD,TSG
2,1,2:61250101:A:C,61250101,1.61e-06,0,0,0,0,0,0,NONE,rs17539345,chr2:61764176,chr2,61537041,61537042,chr2:61537041,True,XPO1,Inter-TAD,Oncogene
2,1,2:62199900:C:G,62199900,1.69e-06,0,0,0,0,0,0,NONE,rs13431931,chr2:61765473,chr2,61538338,61538339,chr2:61538338,True,XPO1,Mixed,Oncogene
1,1,1:52056757:A:T,52056757,1.74e-06,3,0,0,0,0,3,"1:52023195:T:C(1),1:52061001:C:G(1),1:52061445:G:A(1)",rs188730255,chr1:51434373,chr1,50968701,50968702,chr1:50968701,True,CDKN2C,Inter-TAD,TSG
2,1,2:62201255:C:G,62201255,1.84e-06,29,0,0,0,0,29,"2:62128852:A:C(1),2:62131381:C:T(1),2:62131773:A:C(1),2:62131834:A:C(1),2:62138654:T:C(1),2:62149344:T:C(1),2:62149359:A:G(1),2:62149597:C:T(1),2:62153441:G:A(1),2:62153889:C:T(1),2:62157998:A:G(1),2:62168470:G:A(1),2:62174778:A:G(1),2:62191695:C:T(1),2:62193008:G:C(1),2:62196692:T:G(1),2:62203119:G:C(1),2:62204891:A:G(1),2:62204893:A:G(1),2:62206568:C:T(1),2:62208182:A:T(1),2:62215722:G:C(1),2:62219538:A:G(1),2:62220237:T:C(1),2:62220444:A:G(1),2:62220914:T:C(1),2:62222558:T:A(1),2:62235398:A:G(1),2:62249619:G:A(1)",rs13387536,chr2:61765473,chr2,61538338,61538339,chr2:61538338,True,XPO1,Mixed,Oncogene
19,1,19:34095917:G:A,34095917,1.97e-06,0,0,0,0,0,0,NONE,rs7258852,chr19:33792148,chr19,33301242,33301243,chr19:33301242,True,CEBPA,Inactive,TSG
13,1,13:103554171:C:T,103554171,2.16e-06,1,0,0,0,0,1,13:103550820:C:T(1),rs8181825,chr13:103498411,chr13,102846061,102846062,chr13:102846061,True,ERCC5,Neither,TSG
4,1,4:41197426:G:C,41197426,2.19e-06,0,0,0,0,0,0,NONE,rs12643571,chr4:41752452,chr4,41750435,41750436,chr4:41750435,True,PHOX2B,Inter-TAD,TSG
20,1,20:58353666:A:G,58353666,2.21e-06,6,0,0,0,0,6,"20:58342608:A:G(1),20:58349807:G:A(1),20:58354212:A:G(1),20:58354768:C:A(1),20:58356048:A:G(1),20:58356310:A:G(1)",rs6064839,chr20:57427762,chr20,58852707,58852708,chr20:58852707,True,GNAS,Inter-TAD,Oncogene
11,1,11:23220093:T:G,23220093,2.59e-06,0,0,0,0,0,0,NONE,rs11027052,chr11:22647380,chr11,22625834,22625835,chr11:22625834,True,FANCF,Inter-TAD,TSG
2,1,2:60889037:C:G,60889037,2.64e-06,0,0,0,0,0,0,NONE,rs934791,chr2:61765510,chr2,61538375,61538376,chr2:61538375,True,XPO1,Inter-TAD,Oncogene
12,1,12:95105784:A:G,95105784,2.78e-06,1,0,0,0,0,1,12:95101357:G:C(1),rs7135391,chr12:95945277,chr12,95551501,95551502,chr12:95551501,True,USP44,Inter-TAD,TSG
1,1,1:18774941:T:A,18774941,2.97e-06,2,0,0,0,0,2,"1:18776464:C:A(1),1:18779848:G:T(1)",rs61763958,chr1:17944660,chr1,17618165,17618166,chr1:17618165,True,ARHGEF10L,Inter-TAD,TSG
1,1,1:201465839:C:T,201465839,3.01e-06,0,0,0,0,0,0,NONE,rs603836,chr1:201979764,chr1,202010636,202010637,chr1:202010636,True,ELF3,Neither,TSG
1,1,1:241428657:G:A,241428657,3.03e-06,1,0,0,0,0,1,1:241428595:C:T(1),rs7511717,chr1:241683075,chr1,241519775,241519776,chr1:241519775,True,FH,Inter-TAD,TSG
2,1,2:47785260:C:T,47785260,3.38e-06,0,0,0,0,0,0,NONE,rs1882448,chr2:47630224,chr2,47403085,47403086,chr2:47403085,True,MSH2,Mixed,TSG
2,1,2:209239899:T:C,209239899,3.38e-06,1,0,0,0,0,1,2:209218009:A:G(1),rs7573697,chr2:209120237,chr2,208255513,208255514,chr2:208255513,True,IDH1,Inter-TAD,Oncogene
2,1,2:61623476:T:C,61623476,3.4e-06,3,0,0,0,0,3,"2:61612865:A:G(1),2:61629636:G:A(1),2:61630433:G:A(1)",rs6545863,chr2:61764176,chr2,61537041,61537042,chr2:61537041,True,XPO1,Inter-TAD,Oncogene
2,1,2:201245872:A:G,201245872,3.56e-06,4,0,0,0,0,4,"2:201222159:C:T(1),2:201246868:C:T(1),2:201247491:C:T(1),2:201247818:C:T(1)",rs842826,chr2:202125212,chr2,201260489,201260490,chr2:201260489,True,CASP8,Inter-TAD,TSG
12,1,12:25837689:C:G,25837689,3.7e-06,0,0,0,0,0,0,NONE,rs12367852,chr12:25403962,chr12,25251028,25251029,chr12:25251028,True,KRAS,Inter-TAD,Oncogene
9,1,9:136747832:T:C,136747832,3.72e-06,0,0,0,0,0,0,NONE,rs12002767,chr9:135820767,chr9,132945380,132945381,chr9:132945380,True,TSC1,Active,TSG
7,1,7:148698909:T:C,148698909,3.98e-06,0,0,0,0,0,0,NONE,rs899129,chr7:148580458,chr7,148883366,148883367,chr7:148883366,True,EZH2,Neither,TSG
16,1,16:11016508:G:A,11016508,4.33e-06,0,0,0,0,0,0,NONE,rs57798917,chr16:11350112,chr16,11256255,11256256,chr16:11256255,True,SOCS1,Boundary-Active,TSG
5,1,5:66864266:G:A,66864266,4.64e-06,3,0,0,0,0,3,"5:66863920:A:T(1),5:66867117:T:G(1),5:66879441:G:A(1)",rs10471708,chr5:67584380,chr5,68288552,68288553,chr5:68288552,True,PIK3R1,Inter-TAD,TSG
8,1,8:113866149:A:G,113866149,4.92e-06,5,0,0,0,0,5,"8:113861073:A:G(1),8:113863772:A:G(1),8:113864797:T:G(1),8:113868714:T:C(1),8:113870993:T:C(1)",rs231306,chr8:114389438,chr8,113377209,113377210,chr8:113377209,True,CSMD3,Inter-TAD,TSG
8,1,8:115254906:C:T,115254906,5.19e-06,25,0,0,0,0,25,"8:115205936:C:G(1),8:115206234:G:T(1),8:115208202:C:T(1),8:115214151:A:T(1),8:115215815:G:A(1),8:115217145:T:G(1),8:115255357:G:A(1),8:115304991:A:T(1),8:115310176:T:C(1),8:115310304:G:A(1),8:115312812:A:G(1),8:115317442:T:C(1),8:115319712:C:G(1),8:115320834:C:T(1),8:115321807:T:G(1),8:115324431:C:T(1),8:115324581:T:G(1),8:115324817:T:C(1),8:115326009:C:A(1),8:115327416:G:T(1),8:115328387:T:C(1),8:115330495:G:A(1),8:115332677:A:G(1),8:115335720:G:A(1),8:115335913:T:C(1)",rs73352897,chr8:114389356,chr8,113377127,113377128,chr8:113377127,True,CSMD3,Inter-TAD,TSG
3,1,3:185903412:G:C,185903412,5.2e-06,0,0,0,0,0,0,NONE,rs741482,chr3:185080816,chr3,185363028,185363029,chr3:185363028,True,MAP3K13,Inter-TAD,TSG
2,1,2:201216280:C:T,201216280,5.21e-06,0,0,0,0,0,0,NONE,rs3769464,chr2:202125212,chr2,201260489,201260490,chr2:201260489,True,CASP8,Inter-TAD,TSG
13,1,13:33824988:T:C,33824988,5.77e-06,1,0,0,0,0,1,13:33825160:G:A(1),rs9597055,chr13:32889470,chr13,32315333,32315334,chr13:32315333,True,BRCA2,Inter-TAD,TSG
1,1,1:163436669:G:T,163436669,5.79e-06,10,0,0,0,0,10,"1:163381651:G:A(1),1:163384719:T:C(1),1:163419225:A:G(1),1:163424044:G:A(1),1:163432937:C:T(1),1:163436049:G:C(1),1:163436742:C:T(1),1:163437349:G:C(1),1:163439148:G:C(1),1:163442023:G:A(1)",rs12042906,chr1:162602217,chr1,162632427,162632428,chr1:162632427,True,DDR2,Inter-TAD,Oncogene
16,1,16:9656057:G:A,9656057,5.91e-06,0,0,0,0,0,0,NONE,rs9928358,chr16:10275767,chr16,10181910,10181911,chr16:10181910,True,GRIN2A,Inter-TAD,TSG
2,1,2:61540642:C:A,61540642,6.28e-06,0,0,0,0,0,0,NONE,rs2694633,chr2:61764176,chr2,61537041,61537042,chr2:61537041,True,XPO1,Inter-TAD,Oncogene
9,1,9:10389328:G:C,10389328,6.28e-06,0,0,0,0,0,0,NONE,rs1407920,chr9:10613332,chr9,10613332,10613333,chr9:10613332,True,PTPRD,Inter-TAD,TSG
2,1,2:209220238:C:G,209220238,6.68e-06,0,0,0,0,0,0,NONE,rs10208295,chr2:209120001,chr2,208255277,208255278,chr2:208255277,True,IDH1,Inter-TAD,Oncogene
2,1,2:25229434:T:A,25229434,6.81e-06,2,0,0,0,0,2,"2:25244377:C:T(1),2:25256520:G:A(1)",rs10171783,chr2:25565459,chr2,25342590,25342591,chr2:25342590,True,DNMT3A,Inter-TAD,TSG
2,1,2:177941071:T:C,177941071,6.91e-06,1,0,0,0,0,1,2:177968603:A:G(1),rs12473570,chr2:178128687,chr2,177263959,177263960,chr2:177263959,True,NFE2L2,Inter-TAD,TSG
20,1,20:56648906:G:A,56648906,7.13e-06,0,0,0,0,0,0,NONE,rs6070343,chr20:57463767,chr20,58888712,58888713,chr20:58888712,True,GNAS,Inter-TAD,Oncogene
1,1,1:18273842:G:T,18273842,7.28e-06,0,0,0,0,0,0,NONE,rs7551015,chr1:17380646,chr1,17054151,17054152,chr1:17054151,True,SDHB,Inter-TAD,TSG
8,1,8:90126767:C:G,90126767,7.31e-06,3,0,0,0,0,3,"8:90120637:C:A(1),8:90131351:C:T(1),8:90159006:T:C(1)",rs1922318,chr8:90996948,chr8,89984720,89984721,chr8:89984720,True,NBN,Inter-TAD,TSG
12,1,12:22992541:C:A,22992541,7.4e-06,0,0,0,0,0,0,NONE,rs2433642,chr12:22778020,chr12,22625086,22625087,chr12:22625086,True,ETNK1,Inter-TAD,TSG
16,1,16:10054912:G:A,10054912,7.65e-06,0,0,0,0,0,0,NONE,rs2315511,chr16:10276799,chr16,10182942,10182943,chr16:10182942,True,GRIN2A,Inter-TAD,TSG
2,1,2:44246726:G:C,44246726,7.99e-06,1,0,0,0,0,1,2:44246800:A:C(1),rs11695354,chr2:45236743,chr2,45009604,45009605,chr2:45009604,True,SIX2,Boundary-Mixed,Oncogene
3,1,3:30788621:G:A,30788621,8.71e-06,0,0,0,0,0,0,NONE,rs17026519,chr3:30648098,chr3,30606606,30606607,chr3:30606606,True,TGFBR2,Inter-TAD,TSG
10,1,10:72723176:G:A,72723176,8.86e-06,1,0,0,0,0,1,10:72728036:C:G(1),rs10999617,chr10:72362730,chr10,70602974,70602975,chr10:70602974,True,PRF1,Inactive,TSG
13,1,13:95136055:G:T,95136055,9.33e-06,0,0,0,0,0,0,NONE,rs9301962,chr13:95364908,chr13,94712654,94712655,chr13:94712654,True,SOX21,Inter-TAD,TSG
7,1,7:5584599:G:A,5584599,9.52e-06,0,0,0,0,0,0,NONE,rs1725213,chr7:6413877,chr7,6374246,6374247,chr7:6374246,True,RAC1,Active,Oncogene
2,1,2:215840829:G:A,215840829,9.62e-06,0,0,0,0,0,0,NONE,rs7594021,chr2:215675051,chr2,214810327,214810328,chr2:214810327,True,BARD1,Inter-TAD,TSG
11,1,11:86261616:C:G,86261616,9.68e-06,0,0,0,0,0,0,NONE,rs17149169,chr11:85956224,chr11,86245182,86245183,chr11:86245182,True,EED,Inactive,TSG
2,1,2:197529346:G:T,197529346,9.82e-06,0,0,0,0,0,0,NONE,rs7602122,chr2:198299746,chr2,197435022,197435023,chr2:197435022,True,SF3B1,Inter-TAD,Oncogene
