snps,os.time,cancer,min,maj,sum,freq,fdr,-log10(fdr)
9:10389328:G:C,0.0003804564827423219,ACC,3,32,35,0.08571428571428572,0.03462153992955129,1.4606536190708779
10:104741114:A:C,0.01850647323509855,ACC,3,27,30,0.1,0.33681781287879364,0.4726049485548106
10:105055912:A:G,0.04867108154974448,ACC,9,19,28,0.32142857142857145,0.4917194933945125,0.30828257449230656
12:95105784:A:G,0.0023727221869184615,ACC,10,23,33,0.30303030303030304,0.09813268106379658,1.0081863357186234
14:81416170:A:G,0.003235143331773514,ACC,2,43,45,0.044444444444444446,0.09813268106379658,1.0081863357186234
16:74384296:C:T,0.03495464922285363,ACC,2,42,44,0.045454545454545456,0.39760913490995997,0.4005436464190526
16:74596183:T:A,0.01188837420192983,ACC,11,16,27,0.4074074074074074,0.2704605130939036,0.5678961323955883
16:74679883:C:T,0.0325507104414847,ACC,2,41,43,0.046511627906976744,0.39760913490995997,0.4005436464190526
19:30322427:G:A,0.024416273044440013,ACC,3,23,26,0.11538461538461539,0.3703134745073402,0.4314304850941788
7:5584599:G:A,0.004491078878960569,BLCA,42,94,136,0.3088235294117647,0.1302412874898565,0.8852513192502022
10:104509064:G:T,0.003347578003222389,BLCA,66,93,159,0.41509433962264153,0.1302412874898565,0.8852513192502022
16:68814826:G:A,0.004224236245840869,BLCA,25,122,147,0.17006802721088435,0.1302412874898565,0.8852513192502022
16:74596183:T:A,0.02154223643395052,BLCA,46,93,139,0.33093525179856115,0.4164832377230434,0.3804024730348153
16:74634128:T:C,0.0006092447588003883,BLCA,3,228,231,0.012987012987012988,0.07067239202084505,1.1507502090408346
20:56648906:G:A,0.015288619342929279,BLCA,3,234,237,0.012658227848101266,0.3546959687559592,0.45014374740905816
1:15914135:A:G,0.000154149207389429,BRCA,11,462,473,0.023255813953488372,0.009711400065534028,2.0127181545509183
8:41976334:G:C,0.015675592643611985,BRCA,42,323,365,0.11506849315068493,0.49378116827377755,0.3064654771232773
10:72723176:G:A,1.0603164996415437e-06,BRCA,13,453,466,0.027896995708154508,0.0001335998789548345,3.874193935343042
16:74613781:T:C,0.000844796565951942,BRCA,21,388,409,0.05134474327628362,0.03548145576998157,1.4499985697901483
2:209295636:C:T,0.039379547934753005,CESC,18,51,69,0.2608695652173913,0.8051342565023651,0.09413169479173512
10:104711940:G:A,0.028578087578063974,CESC,22,67,89,0.24719101123595505,0.8051342565023651,0.09413169479173512
12:22992541:C:A,0.031011737701611086,CESC,20,55,75,0.26666666666666666,0.8051342565023651,0.09413169479173512
1:18273842:G:T,0.024288427582828523,CHOL,4,13,17,0.23529411764705882,0.4820822868384633,0.3168788255168639
2:26105585:G:C,0.04933956242187576,CHOL,3,14,17,0.17647058823529413,0.4820822868384633,0.3168788255168639
8:115254906:C:T,0.023817813825118585,CHOL,4,6,10,0.4,0.4820822868384633,0.3168788255168639
16:89844043:T:C,0.0015916187476227792,CHOL,2,16,18,0.1111111111111111,0.10823007483834898,0.9656520412494397
2:61250101:A:C,0.016708881545937027,COAD,24,160,184,0.13043478260869565,0.32246768495886335,0.4915138002449072
2:61437487:T:C,0.008065751421113307,COAD,39,101,140,0.2785714285714286,0.3199414730374945,0.49492945999750426
2:61540642:C:A,0.014465935092915614,COAD,36,133,169,0.21301775147928995,0.32246768495886335,0.4915138002449072
2:178119204:A:C,9.822157390007073e-05,COAD,37,121,158,0.23417721518987342,0.011688367294108418,1.932246149632091
2:197529346:G:T,0.010847173390676352,COAD,24,155,179,0.1340782122905028,0.32246768495886335,0.4915138002449072
12:95966015:A:C,0.031128118749680377,COAD,47,121,168,0.27976190476190477,0.4630307664014956,0.3343901510242181
16:10054912:G:A,0.005853755442563744,COAD,9,208,217,0.041474654377880185,0.3199414730374945,0.49492945999750426
16:68814826:G:A,0.04824193810330938,COAD,38,139,177,0.21468926553672316,0.49127882517785476,0.3086719541769894
16:89828862:T:C,0.018968687350521374,COAD,37,118,155,0.23870967741935484,0.32246768495886335,0.4915138002449072
16:89844043:T:C,0.03783273606878309,COAD,10,183,193,0.05181347150259067,0.49127882517785476,0.3086719541769894
1:18774941:T:A,0.005833986308319503,ESCA,2,100,102,0.0196078431372549,0.5611040029993536,0.2509566329641083
10:104670832:C:A,0.03008782046626995,ESCA,10,54,64,0.15625,0.5611040029993536,0.2509566329641083
12:95105784:A:G,0.04873960057242792,ESCA,19,38,57,0.3333333333333333,0.5611040029993536,0.2509566329641083
15:91443059:T:C,0.03616443091007323,ESCA,22,42,64,0.34375,0.5611040029993536,0.2509566329641083
16:74333289:T:G,0.040152479800966326,ESCA,3,78,81,0.037037037037037035,0.5611040029993536,0.2509566329641083
16:74604841:G:A,0.01746725346685104,ESCA,11,75,86,0.12790697674418605,0.5611040029993536,0.2509566329641083
16:74711964:C:T,0.013714068280159974,ESCA,22,30,52,0.4230769230769231,0.5611040029993536,0.2509566329641083
16:89828862:T:C,0.03377204635793274,ESCA,10,44,54,0.18518518518518517,0.5611040029993536,0.2509566329641083
16:89844043:T:C,0.032058705456967575,ESCA,4,63,67,0.05970149253731343,0.5611040029993536,0.2509566329641083
1:18247811:G:T,0.04946370276311881,GBM,14,246,260,0.05384615384615385,0.5001892241281648,0.3008656687672242
2:26105585:G:C,0.0017906596075765422,GBM,36,181,217,0.16589861751152074,0.1444867046080774,0.8401721140216212
2:61250101:A:C,0.02391173241296379,GBM,29,246,275,0.10545454545454545,0.37063185240093877,0.43105725979444826
2:177941071:T:C,0.03681651415138616,GBM,29,214,243,0.11934156378600823,0.48757867004282823,0.31195530158794477
4:41197426:G:C,0.02233598991270112,GBM,76,114,190,0.4,0.37063185240093877,0.43105725979444826
12:95966015:A:C,0.00698380027701775,GBM,65,142,207,0.3140096618357488,0.24660636780279993,0.6079957133610798
15:91443059:T:C,0.007955044122670965,GBM,73,134,207,0.3526570048309179,0.24660636780279993,0.6079957133610798
16:74463883:T:C,0.013134750133409687,GBM,9,278,287,0.0313588850174216,0.32574180330856023,0.4871265036971871
16:74482455:G:A,0.039663567127878205,GBM,40,180,220,0.18181818181818182,0.48757867004282823,0.31195530158794477
16:74679883:C:T,0.002330430719485119,GBM,7,291,298,0.02348993288590604,0.1444867046080774,0.8401721140216212
16:74700743:C:G,0.01958302154975577,GBM,79,95,174,0.4540229885057471,0.37063185240093877,0.43105725979444826
16:89850415:C:G,0.043252946536057345,GBM,4,343,347,0.011527377521613832,0.48757867004282823,0.31195530158794477
8:113866149:A:G,0.012686259096929725,HNSC,37,202,239,0.15481171548117154,0.22110337283220377,0.6554046324043618
10:104711940:G:A,0.007331451730648384,HNSC,37,158,195,0.18974358974358974,0.17888742222782059,0.7474201940837357
10:104740210:G:A,0.029430400497583678,HNSC,75,115,190,0.39473684210526316,0.4488136075881511,0.34793398416977167
10:104963051:G:C,0.036787879385545875,HNSC,32,169,201,0.15920398009950248,0.4986801427818441,0.3021779248475449
12:22992541:C:A,0.011699773953895029,HNSC,60,110,170,0.35294117647058826,0.22110337283220377,0.6554046324043618
15:40453075:G:A,0.00511817930821548,HNSC,13,240,253,0.05138339920948617,0.1769669584559782,0.7521078132979814
16:74371543:C:G,0.005802195359212401,HNSC,4,308,312,0.01282051282051282,0.1769669584559782,0.7521078132979814
16:74384296:C:T,0.004926410405114703,HNSC,6,284,290,0.020689655172413793,0.1769669584559782,0.7521078132979814
16:74723707:G:A,0.048358218719710244,HNSC,7,274,281,0.02491103202846975,0.5899702683804651,0.22916987412676168
17:73794047:T:G,0.00029242732403277094,HNSC,5,274,279,0.017921146953405017,0.035676133531998055,1.4476222192260397
10:104509064:G:T,0.02534731867746828,KICH,2,7,9,0.2222222222222222,0.3738729504926571,0.4272759546819074
10:104896563:G:A,0.013210729712291602,KICH,2,13,15,0.13333333333333333,0.25981101767506815,0.5853424359649605
10:104963051:G:C,0.00467773498104734,KICH,2,10,12,0.16666666666666666,0.2404536620083298,0.618968604417166
15:40453075:G:A,0.008150971593502705,KICH,2,9,11,0.18181818181818182,0.2404536620083298,0.618968604417166
1:15914135:A:G,1.106036638791084e-05,KIRC,5,221,226,0.022123893805309734,0.001360425065713033,2.866325374827695
1:201465839:C:T,0.03138981865680571,KIRC,20,174,194,0.10309278350515463,0.7408102604147294,0.13029301119296843
7:5584599:G:A,6.152483178746757e-05,KIRC,53,117,170,0.31176470588235294,0.0037837771549292555,2.422074449234944
13:103500384:G:C,0.02485023870500876,KIRC,47,101,148,0.31756756756756754,0.7408102604147294,0.13029301119296843
16:74482455:G:A,0.049907652765591226,KIRC,36,111,147,0.24489795918367346,0.7408102604147294,0.13029301119296843
16:74604841:G:A,0.04343475106742977,KIRC,14,171,185,0.07567567567567568,0.7408102604147294,0.13029301119296843
16:74700743:C:G,0.02607478409377776,KIRC,72,68,140,0.5142857142857142,0.7408102604147294,0.13029301119296843
10:88486374:A:G,0.0120946254388046,KIRP,2,143,145,0.013793103448275862,0.4797534757392491,0.31898187018517793
13:95136055:G:T,0.022327293988014155,KIRP,3,113,116,0.02586206896551724,0.5313895969147369,0.2745869520837184
13:103498375:T:C,0.0011632159672999097,KIRP,31,44,75,0.41333333333333333,0.13842270010868926,0.8587926835530921
13:103500384:G:C,0.018176649035877703,KIRP,32,55,87,0.367816091954023,0.5313895969147369,0.2745869520837184
14:81416170:A:G,0.007760188916941145,KIRP,5,110,115,0.043478260869565216,0.46173124055799813,0.33561074025728327
1:18247811:G:T,1.1848855546464727e-06,LGG,13,249,262,0.04961832061068702,0.00014455603766686965,3.839963764452367
3:185903412:G:C,0.002580856973618822,LGG,4,296,300,0.013333333333333334,0.15743227539074814,0.8029062275857152
10:72723176:G:A,0.047139604757784385,LGG,8,287,295,0.02711864406779661,0.8538331691927343,0.06862697799591848
19:45825626:A:T,0.024287241134711347,LGG,84,93,177,0.4745762711864407,0.8538331691927343,0.06862697799591848
2:44246726:G:C,0.03549931875432956,LIHC,43,34,77,0.5584415584415584,0.970400349136885,0.013049055888190667
2:61540642:C:A,0.0112839674826296,LIHC,17,60,77,0.22077922077922077,0.970400349136885,0.013049055888190667
16:74384296:C:T,0.0375081701020502,LIHC,2,108,110,0.01818181818181818,0.970400349136885,0.013049055888190667
8:115254906:C:T,0.014747367089578103,LUAD,59,140,199,0.2964824120603015,0.6046420506727022,0.21850165249386327
16:74552127:C:T,0.037744647796204546,LUAD,6,303,309,0.019417475728155338,0.7737652798221931,0.11139076171729724
16:74592483:T:C,0.033984144535236155,LUAD,19,253,272,0.06985294117647059,0.7737652798221931,0.11139076171729724
16:74596183:T:A,0.012253757551916725,LUAD,77,120,197,0.39086294416243655,0.6046420506727022,0.21850165249386327
16:74613781:T:C,0.04668754009149457,LUAD,6,280,286,0.02097902097902098,0.8008949523835659,0.09642444345627645
16:74723707:G:A,0.02316677622246294,LUAD,5,301,306,0.016339869281045753,0.7123783688407354,0.14728927623256138
16:89884502:T:C,0.0070134579230413255,LUAD,68,134,202,0.33663366336633666,0.6046420506727022,0.21850165249386327
4:41197426:G:C,0.013914411372999492,LUSC,80,115,195,0.41025641025641024,0.38625048010360796,0.4131309677451851
10:104509064:G:T,0.01570123902860195,LUSC,78,109,187,0.41711229946524064,0.38625048010360796,0.4131309677451851
13:103498375:T:C,0.0029296134861277064,LUSC,75,101,176,0.42613636363636365,0.18017122939685393,0.7443145580392981
13:103500384:G:C,0.0028104195444969733,LUSC,60,130,190,0.3157894736842105,0.18017122939685393,0.7443145580392981
14:81416170:A:G,0.025285232477228966,LUSC,8,268,276,0.028985507246376812,0.3887604493373953,0.4103179245796887
16:9656057:G:A,0.04646236184915217,LUSC,21,187,208,0.10096153846153846,0.5909676215106919,0.22843631300105827
16:74333289:T:G,0.02474523273734315,LUSC,19,223,242,0.07851239669421488,0.3887604493373953,0.4103179245796887
19:30322427:G:A,0.005250721528055825,LUSC,63,127,190,0.33157894736842103,0.2152795826502888,0.6669971571843442
19:45825626:A:T,0.02431873836071572,LUSC,84,90,174,0.4827586206896552,0.3887604493373953,0.4103179245796887
2:61515164:T:C,0.04396636933116054,MESO,21,17,38,0.5526315789473685,0.4192196715119547,0.37755834666209753
2:61836773:T:C,0.0015021598363685333,MESO,16,23,39,0.41025641025641024,0.05007199454561778,1.3004051087628012
2:61888702:C:T,0.0013712849048988093,MESO,14,18,32,0.4375,0.05007199454561778,1.3004051087628012
3:185903412:G:C,1.7558703295715482e-06,MESO,2,65,67,0.029850746268656716,0.00017558703295715483,3.7555075597459293
4:106074826:G:T,0.04771547607424623,MESO,7,32,39,0.1794871794871795,0.4192196715119547,0.37755834666209753
16:74482455:G:A,0.01531900371712362,MESO,10,35,45,0.2222222222222222,0.255316728618727,0.592920728835437
16:74526649:G:A,0.00972039114711095,MESO,2,57,59,0.03389830508474576,0.2267739352270784,0.6444068635249847
16:89818340:G:C,0.04580482623642149,MESO,10,36,46,0.21739130434782608,0.4192196715119547,0.37755834666209753
16:90038786:A:C,0.01133869676135392,MESO,4,51,55,0.07272727272727272,0.2267739352270784,0.6444068635249847
20:58353666:A:G,0.04979921811396845,MESO,4,39,43,0.09302325581395349,0.4192196715119547,0.37755834666209753
2:61485267:T:C,0.0005360711460744302,OV,25,234,259,0.09652509652509653,0.06647282211322934,1.1773558827997221
2:61813308:T:A,0.005776622070462264,OV,31,205,236,0.13135593220338984,0.2387670455791069,0.6220256143549062
2:197529346:G:T,0.031960265645047774,OV,28,173,201,0.13930348258706468,0.6605121566643207,0.18011918482667194
12:22992541:C:A,0.008929352099333094,OV,63,141,204,0.3088235294117647,0.2768099150793259,0.5578183579034363
12:95954955:G:A,0.042556551819647265,OV,9,288,297,0.030303030303030304,0.7171734303055853,0.14437580846486883
13:103500384:G:C,0.002953802997759044,OV,72,152,224,0.32142857142857145,0.18313578586106072,0.737226783587831
15:91443059:T:C,0.02300377939905355,OV,55,139,194,0.28350515463917525,0.5704937290965281,0.2437491250121861
2:62199900:C:G,0.006100250527087495,PAAD,2,119,121,0.01652892561983471,0.1159047600146624,0.9358987279220652
10:104741114:A:C,0.017778059708579392,PAAD,7,80,87,0.08045977011494253,0.2276257797108083,0.6427785535593671
10:105169859:G:A,0.01797045629295855,PAAD,3,122,125,0.024,0.2276257797108083,0.6427785535593671
16:68814826:G:A,0.0004028510949307792,PAAD,11,59,70,0.15714285714285714,0.01530834160736961,1.815071855009057
16:74384296:C:T,0.0010638782520063356,PAAD,5,116,121,0.04132231404958678,0.026861388285608124,1.5708715453084774
16:74548007:G:A,0.007339401115304095,PAAD,32,52,84,0.38095238095238093,0.11952738959209527,0.9225325651282015
16:74552127:C:T,4.67733509851159e-06,PAAD,4,121,125,0.032,0.0005332162012303213,3.2730966634629137
16:74679883:C:T,0.00010572171554295457,PAAD,5,111,116,0.04310344827586207,0.006026137785948411,2.2199609425277522
16:74723707:G:A,0.001178131065158251,PAAD,6,110,116,0.05172413793103448,0.026861388285608124,1.5708715453084774
16:89818340:G:C,0.04554773950080064,PAAD,26,58,84,0.30952380952380953,0.43270352525760614,0.36380956656765184
16:89844043:T:C,0.038837752472974,PAAD,11,85,96,0.11458333333333333,0.4025003438108215,0.3952337443269727
16:89884502:T:C,0.029729363621500506,PAAD,35,45,80,0.4375,0.3389147452851058,0.4699095357461349
12:13043119:T:C,4.509229801534847e-16,PCPG,2,91,93,0.021505376344086023,5.3208911658111194e-14,13.274015624099345
16:74613781:T:C,0.028981857652733405,PCPG,4,79,83,0.04819277108433735,0.9180433926424125,0.03713679075978638
16:74690631:T:C,0.006171678341930441,PCPG,2,95,97,0.020618556701030927,0.36412902217389603,0.43874470511530783
1:18247811:G:T,0.005722182720314542,PRAD,14,222,236,0.059322033898305086,0.20797861220611893,0.6819813240682475
2:61836773:T:C,0.014892363075063302,PRAD,60,107,167,0.3592814371257485,0.3152216850888399,0.5013839136746198
2:159402671:G:A,0.006550507471058864,PRAD,9,261,270,0.03333333333333333,0.20797861220611893,0.6819813240682475
8:115254906:C:T,0.03809802673447101,PRAD,52,115,167,0.31137724550898205,0.6048061744097273,0.2183837838124288
14:81416170:A:G,0.009781096618048848,PRAD,13,246,259,0.05019305019305019,0.24843985409844074,0.6047787344750326
16:10054912:G:A,0.0007892014714258373,PRAD,9,239,248,0.036290322580645164,0.10022858687108134,0.9990083927432535
16:74463883:T:C,0.005452577381291677,PRAD,8,218,226,0.035398230088495575,0.20797861220611893,0.6819813240682475
19:45878605:C:T,0.036282043552999965,PRAD,12,249,261,0.04597701149425287,0.6048061744097273,0.2183837838124288
1:15914135:A:G,0.023236834613588112,READ,3,99,102,0.029411764705882353,0.4502512751900732,0.34654504850903334
1:201465839:C:T,0.03774553586151383,READ,8,72,80,0.1,0.4502512751900732,0.34654504850903334
2:60889037:C:G,0.012413844274720514,READ,28,35,63,0.4444444444444444,0.4502512751900732,0.34654504850903334
2:61437487:T:C,0.032820574065302734,READ,29,44,73,0.3972602739726027,0.4502512751900732,0.34654504850903334
2:61515164:T:C,0.04703163476974438,READ,29,31,60,0.48333333333333334,0.45513531525317835,0.3418594650329664
3:70069621:T:A,0.033918781787423594,READ,2,112,114,0.017543859649122806,0.4502512751900732,0.34654504850903334
8:41976334:G:C,0.03881476510259252,READ,10,70,80,0.125,0.4502512751900732,0.34654504850903334
11:23220093:T:G,0.02050426004398633,READ,2,88,90,0.022222222222222223,0.4502512751900732,0.34654504850903334
16:74222799:G:C,0.049866116673598866,READ,14,58,72,0.19444444444444445,0.45513531525317835,0.3418594650329664
16:74596183:T:A,0.03267260283087316,READ,29,33,62,0.46774193548387094,0.4502512751900732,0.34654504850903334
16:89844043:T:C,0.009413822325772285,READ,3,95,98,0.030612244897959183,0.4502512751900732,0.34654504850903334
19:45878605:C:T,0.03305266163918154,READ,2,99,101,0.019801980198019802,0.4502512751900732,0.34654504850903334
1:15817090:C:T,0.002991390468374217,SARC,24,80,104,0.23076923076923078,0.1779877328682659,0.7496099287653039
1:18247811:G:T,0.03890561724896406,SARC,6,116,122,0.04918032786885246,0.5144187169585248,0.2886832381321936
2:61772257:G:A,0.028288206748825553,SARC,22,73,95,0.23157894736842105,0.4808995147300344,0.31794566116735434
8:41976334:G:C,0.021551767605597922,SARC,12,91,103,0.11650485436893204,0.4274433908443588,0.36912139361844787
13:33824988:T:C,0.012299766763217795,SARC,11,95,106,0.10377358490566038,0.3659180612057294,0.43661615381374763
13:103554171:C:T,0.03341717136989169,SARC,2,145,147,0.013605442176870748,0.4970804241271389,0.303573339779861
16:74463883:T:C,0.004921546155635551,SARC,7,106,113,0.061946902654867256,0.19522133084021018,0.7094727309312558
16:90038786:A:C,0.0007560707256863764,SARC,5,110,115,0.043478260869565216,0.0899724163566788,1.0458906156741952
20:58353666:A:G,0.02081185876151699,SARC,14,97,111,0.12612612612612611,0.4274433908443588,0.36912139361844787
9:10389328:G:C,0.03458136186672306,SKCM,19,163,182,0.1043956043956044,0.9693355762420108,0.013525847634035899
19:45923653:A:G,0.048767116848172025,SKCM,31,116,147,0.2108843537414966,0.9693355762420108,0.013525847634035899
2:61540642:C:A,0.005171022025123503,STAD,19,132,151,0.12582781456953643,0.16030168277882859,0.7950619185833251
2:209295636:C:T,0.02204600470625977,STAD,40,112,152,0.2631578947368421,0.34171307294702646,0.46633840604129584
8:115254906:C:T,0.018069873004117408,STAD,39,95,134,0.291044776119403,0.32173122244018354,0.49250679089936966
10:104614613:C:T,0.018162246428074878,STAD,11,162,173,0.06358381502890173,0.32173122244018354,0.49250679089936966
16:74222799:G:C,2.5132152272067337e-05,STAD,28,133,161,0.17391304347826086,0.00311638688173635,2.5063486324585833
16:74526649:G:A,0.01111221409921623,STAD,4,223,227,0.01762114537444934,0.2755829096605625,0.5597477188045163
16:74613781:T:C,0.00020563143409379998,STAD,14,178,192,0.07291666666666667,0.0127491489138156,1.8945188061610485
16:74636961:C:T,0.0015959871174352502,STAD,22,124,146,0.1506849315068493,0.065967467520657,1.180670188087431
16:89844043:T:C,0.04239307455617301,STAD,17,143,160,0.10625,0.584082360551717,0.23352590937532008
1:15817090:C:T,0.008689331445418934,TGCT,9,34,43,0.20930232558139536,0.17378662890837868,0.7599836410904394
1:15914135:A:G,0.00035463524650461534,TGCT,2,45,47,0.0425531914893617,0.017731762325230768,1.7512480985735006
5:66864266:G:A,0.01421037947184691,TGCT,4,36,40,0.1,0.2030054210263844,0.6924923645970827
9:10389328:G:C,0.012419330651552304,TGCT,4,36,40,0.1,0.2030054210263844,0.6924923645970827
15:67447895:A:G,7.237829871740141e-08,TGCT,2,34,36,0.05555555555555555,7.237829871740141e-06,5.140391629383777
16:74333289:T:G,0.045392398559940046,TGCT,3,46,49,0.061224489795918366,0.45392398559940045,0.3430168682854726
16:74333380:T:C,0.018694656692510078,TGCT,6,30,36,0.16666666666666666,0.23368320865637596,0.6313724927848001
16:74384296:C:T,0.005456587209291632,TGCT,2,44,46,0.043478260869565216,0.1364146802322908,0.8651388906706443
16:90115731:A:G,0.03193945173082674,TGCT,3,32,35,0.08571428571428572,0.354882797009186,0.44991505262497034
19:30286245:A:G,0.0021353361860755515,TGCT,6,29,35,0.17142857142857143,0.07117787286918505,1.1476549949073185
2:26105585:G:C,0.04289838990186053,THCA,25,125,150,0.16666666666666666,0.6077236807023967,0.21629384050309708
4:41197426:G:C,0.04596229517917286,THCA,57,83,140,0.40714285714285714,0.6077236807023967,0.21629384050309708
9:10389328:G:C,0.018255713511729933,THCA,26,146,172,0.1511627906976744,0.5650115986329117,0.2479426368344226
10:104741114:A:C,0.0189919865086693,THCA,23,144,167,0.1377245508982036,0.5650115986329117,0.2479426368344226
10:104960752:A:G,0.0014495106604394637,THCA,5,202,207,0.024154589371980676,0.0862458842961481,1.0642616205459334
10:105169859:G:A,0.0010293416951749103,THCA,5,212,217,0.02304147465437788,0.0862458842961481,1.0642616205459334
16:74463883:T:C,0.043514110929507493,THCA,8,197,205,0.03902439024390244,0.6077236807023967,0.21629384050309708
16:74482455:G:A,0.041512685636176036,THCA,46,112,158,0.2911392405063291,0.6077236807023967,0.21629384050309708
19:45923653:A:G,0.037585430975191694,THCA,43,100,143,0.3006993006993007,0.6077236807023967,0.21629384050309708
2:26105585:G:C,0.036993421050132945,UCEC,35,135,170,0.20588235294117646,0.5839557435289299,0.23362006567781532
2:61540642:C:A,0.025843334425345546,UCEC,25,141,166,0.15060240963855423,0.5297883557195837,0.2758975913432514
2:61656273:A:T,0.04747607670966909,UCEC,62,78,140,0.44285714285714284,0.5839557435289299,0.23362006567781532
2:197529346:G:T,0.017429184664676124,UCEC,29,142,171,0.1695906432748538,0.5297883557195837,0.2758975913432514
8:113866149:A:G,0.006122677872260028,UCEC,25,146,171,0.14619883040935672,0.25117523902119027,0.6000231757887093
10:104509064:G:T,0.0384931500075915,UCEC,63,96,159,0.39622641509433965,0.5839557435289299,0.23362006567781532
10:104566417:G:A,0.022722416003948413,UCEC,43,112,155,0.27741935483870966,0.5297883557195837,0.2758975913432514
10:104614613:C:T,0.0061262253419802504,UCEC,8,178,186,0.043010752688172046,0.25117523902119027,0.6000231757887093
10:104896563:G:A,0.00035966879067246115,UCEC,9,177,186,0.04838709677419355,0.044239261252712714,1.3541921338857534
16:90115731:A:G,0.04499206447547105,UCEC,38,129,167,0.2275449101796407,0.5839557435289299,0.23362006567781532
10:104614613:C:T,0.015037612774240663,UCS,3,20,23,0.13043478260869565,0.6090233173567469,0.21536607944346395
10:104896563:G:A,0.0262558174690843,UCS,3,21,24,0.125,0.7089070716652761,0.1494106913445562
15:91443059:T:C,0.0018419354016197974,UCS,5,5,10,0.5,0.1491967675312036,0.8262405861030873
1:241428657:G:A,0.004229630977698493,UVM,4,38,42,0.09523809523809523,0.20513710241837693,0.6879557832284449
2:215840829:G:A,0.03807077351179404,UVM,19,21,40,0.475,0.5275521472348603,0.2777346049648733
10:104614613:C:T,0.02055695153188089,UVM,3,51,54,0.05555555555555555,0.3988048597184893,0.399239558143571
10:104896563:G:A,0.018701971804027388,UVM,3,52,55,0.05454545454545454,0.3988048597184893,0.399239558143571
16:74592483:T:C,0.0012105256890669615,UVM,3,37,40,0.075,0.11742099183949527,0.9302542555151557
16:74634128:T:C,0.020100094223533257,UVM,2,58,60,0.03333333333333333,0.3988048597184893,0.399239558143571
16:74700743:C:G,0.036720189974265516,UVM,15,21,36,0.4166666666666667,0.5275521472348603,0.2777346049648733
